environment	page node id	link	url location	page title	drupal content type	publish status	page content age	total views	status codes	path depth	team count	team ids	team names	block teams count	block team ids	block teams	total node count	reusable block count	# blocks with no team	blocks with team matching page	blocks with team not matching page	percent blocks no team	percent blocks page team match	block types	block type details	reusable block types
arts	8	link	https://arts.ucalgary.ca/about/faculty-and-staff	ARTS Faculty and Staff	Basic page	Published	0.1	684	200	1	1	1	ARTS - 1	1	1	ARTS - 1	8	6	1	7	0	12	88	Banner|Hero CTA|Image with Text|Info Shim|More Information|News Feed|Text	Banner (1,2023-09-26) | Hero CTA (1,2024-03-05) | Image with Text (1,2025-12-05) | Info Shim (1,2024-03-05) | More Information (1,2022-10-06) | News Feed (1,2020-04-02) | Text (2,2023-09-26)	Banner|Hero CTA|Image with Text|More Information|Text
arts	11	link	https://arts.ucalgary.ca/classics-religion	CLARE Home	Basic page	Published	0.1	7478	200	0	1	2	CLARE - 2	2	1|2	ARTS - 1|CLARE - 2	10	2	1	5	4	10	50	Banner|Divider|Hero CTA|Image with Text|News Feed|Related Content|Streaming Media	Banner (2,2023-09-26) | Divider (1,2019-11-25) | Hero CTA (1,2023-02-16) | Image with Text (2,2025-12-15) | News Feed (2,2025-05-13) | Related Content (1,2024-10-28) | Streaming Media (1,2024-12-12)	Banner|Image with Text
arts	25	link	https://arts.ucalgary.ca/future-students/undergraduate-experience/opportunities	ARTS FUTURE UNDERGRAD Opportunities	Basic page	Published	1.4	102	200	2	1	1	ARTS - 1	1	1	ARTS - 1	6	6	1	5	0	17	83	Banner|Hero CTA|Image|Info Shim|Related Content|Text	Banner (1,2024-08-20) | Hero CTA (1,2023-02-16) | Image (1,2023-09-26) | Info Shim (1,2023-07-10) | Related Content (1,2022-10-06) | Text (1,2024-04-18)	Banner|Hero CTA|Image|Info Shim|Related Content|Text
arts	29	link	https://arts.ucalgary.ca/clare-intermediary/ancient-and-medieval-history-old	CLARE Future Students Undergraduate Ancient and Medieval History	Basic page	Unpublished	1.7	16	403	1	1	2	CLARE - 2	2	1|2	ARTS - 1|CLARE - 2	5	5	1	3	1	20	60	Banner|Hero CTA|Info Shim|More Information|Sidekick CTA	Banner (1,2023-09-26) | Hero CTA (1,2023-02-16) | Info Shim (1,2023-07-10) | More Information (1,2024-05-03) | Sidekick CTA (1,2023-09-26)	Banner|Hero CTA|Info Shim|More Information|Sidekick CTA
arts	32	link	https://arts.ucalgary.ca/future-students/graduate-experience/why-arts	FUTURE GRAD Why Arts?	Basic page	Published	0.1	71	200	2	1	1	ARTS - 1	1	1	ARTS - 1	7	6	1	6	0	14	86	Banner|Hero CTA|Image with Text|Info Shim|News Feed|Text|Trio CTA	Banner (1,2023-09-26) | Hero CTA (1,2023-07-10) | Image with Text (1,2025-12-05) | Info Shim (1,2018-10-25) | News Feed (1,2020-04-02) | Text (1,2024-04-18) | Trio CTA (1,2018-10-25)	Banner|Hero CTA|Image with Text|Info Shim|Text|Trio CTA
arts	35	link	https://arts.ucalgary.ca/node/35	ARTS CURRENT Undergraduate	Basic page	Published	0.2	30	200	1	1	14	ASC - 14	3	1|2|14	ARTS - 1|ASC - 14|CLARE - 2	13	11	1	1	11	8	8	Banner|Divider|Hero CTA|Image with Text|Info Shim|More Information|News Feed|Text|Thumbnail	Banner (2,2024-08-20) | Divider (1,2020-10-16) | Hero CTA (1,2023-07-10) | Image with Text (1,2023-09-26) | Info Shim (1,2023-07-10) | More Information (2,2025-11-04) | News Feed (1,2020-04-02) | Text (2,2023-09-26) | Thumbnail (2,2025-08-22)	Banner|Hero CTA|Image with Text|Info Shim|More Information|Text|Thumbnail
arts	38	link	https://arts.ucalgary.ca/clare-intermediary/student-advising	GEO CURRENT UNDERGRAD Course Regulations	Basic page	Unpublished	1.7		403	1	1	9	POLI - 9	2	1|14	ARTS - 1|ASC - 14	5	5	1	0	4	20	0	Hero CTA|Image with Text|Info Shim|More Information	Hero CTA (1,2023-02-16) | Image with Text (1,2023-09-26) | Info Shim (2,2024-04-18) | More Information (1,2023-07-10)	Hero CTA|Image with Text|Info Shim|More Information
arts	41	link	https://arts.ucalgary.ca/clare-intermediary/greek-and-roman-studies-old	CLARE Future Students Undergraduate Greek and Roman Studies	Basic page	Unpublished	1.7	16	403	1	1	2	CLARE - 2	2	1|2	ARTS - 1|CLARE - 2	5	5	1	3	1	20	60	Banner|Hero CTA|Info Shim|More Information|Sidekick CTA	Banner (1,2023-09-26) | Hero CTA (1,2023-02-16) | Info Shim (1,2023-07-10) | More Information (1,2024-05-03) | Sidekick CTA (1,2023-09-26)	Banner|Hero CTA|Info Shim|More Information|Sidekick CTA
arts	42	link	https://arts.ucalgary.ca/clare-intermediary/religious-studies-old	CLARE Future Students Undergraduate Religious Studies	Basic page	Unpublished	1.7	30	403	1	1	2	CLARE - 2	2	1|2	ARTS - 1|CLARE - 2	5	5	1	3	1	20	60	Banner|Hero CTA|Info Shim|More Information|Sidekick CTA	Banner (1,2023-09-26) | Hero CTA (1,2023-02-16) | Info Shim (1,2023-07-10) | More Information (1,2024-05-03) | Sidekick CTA (1,2023-09-26)	Banner|Hero CTA|Info Shim|More Information|Sidekick CTA
arts	43	link	https://arts.ucalgary.ca/clare-intermediary/south-asian-studies-old	CLARE Future Students Undergraduate South Asian Studies	Basic page	Unpublished	1.7	22	403	1	1	2	CLARE - 2	2	1|2	ARTS - 1|CLARE - 2	5	5	1	3	1	20	60	Banner|Hero CTA|Info Shim|More Information|Sidekick CTA	Banner (1,2023-09-26) | Hero CTA (1,2023-02-16) | Info Shim (1,2023-07-10) | More Information (1,2024-05-03) | Sidekick CTA (1,2023-09-26)	Banner|Hero CTA|Info Shim|More Information|Sidekick CTA
arts	46	link	https://arts.ucalgary.ca/classics-religion/future-students/graduate/programs/greek-and-roman-studies	CLARE Future Students Graduate Greek and Roman Studies	Basic page	Published	0.5	283	200	4	1	2	CLARE - 2	2	1|2	ARTS - 1|CLARE - 2	9	8	1	6	2	11	67	Accordion|Banner|Divider|Hero CTA|More Information|Text|Trio CTA	Accordion (1,2023-01-05) | Banner (1,2023-09-26) | Divider (1,2023-07-10) | Hero CTA (1,2023-02-16) | More Information (3,2025-07-03) | Text (1,2023-01-05) | Trio CTA (1,2019-03-07)	Banner|Divider|Hero CTA|More Information|Text|Trio CTA
arts	47	link	https://arts.ucalgary.ca/classics-religion/future-students/graduate/programs/religious-studies	CLARE Future Students Graduate Religious Studies	Basic page	Published	0.5	392	200	4	1	2	CLARE - 2	2	1|2	ARTS - 1|CLARE - 2	9	8	1	6	2	11	67	Accordion|Banner|Divider|Hero CTA|More Information|Text|Trio CTA	Accordion (1,2023-01-05) | Banner (1,2023-09-26) | Divider (1,2023-07-10) | Hero CTA (1,2023-02-16) | More Information (3,2025-07-03) | Text (1,2023-09-26) | Trio CTA (1,2019-03-07)	Banner|Divider|Hero CTA|More Information|Text|Trio CTA
arts	49	link	https://arts.ucalgary.ca/classics-religion/future-students/graduate	CLARE Future Students Graduate Overview	Basic page	Published	0.5	21	200	2	1	2	CLARE - 2	3	1|2|27	ARTS - 1|CLARE - 2|ECON - 27	5	3	1	2	2	20	40	Banner|Hero CTA|More Information|Trio CTA	Banner (2,2023-09-26) | Hero CTA (1,2023-02-16) | More Information (1,2025-07-03) | Trio CTA (1,2019-04-15)	Hero CTA|More Information|Trio CTA
arts	66	link	https://arts.ucalgary.ca/about/alumni/stay-connected	ARTS ALUMNI Stay Connected	Basic page	Unpublished	1.9	14	403	2	1	1	ARTS - 1	1	1	ARTS - 1	9	8	1	8	0	11	89	Banner|Hero CTA|Image|News Feed|Text|Thumbnail|Trio CTA	Banner (1,2023-09-26) | Hero CTA (1,2023-02-16) | Image (1,2023-09-26) | News Feed (1,2020-04-02) | Text (3,2024-02-14) | Thumbnail (1,2019-01-04) | Trio CTA (1,2024-02-14)	Banner|Hero CTA|Image|Text|Thumbnail|Trio CTA
arts	75	link	https://arts.ucalgary.ca/about/about-faculty	ARTS About the Faculty	Basic page	Published	0.6	269	200	1	1	1	ARTS - 1	1	1	ARTS - 1	8	7	2	6	0	25	75	Hero CTA|Info Shim|More Information|News Feed|Text|Trio CTA	Hero CTA (1,2024-04-25) | Info Shim (2,2023-07-27) | More Information (1,2025-06-09) | News Feed (1,2020-04-02) | Text (2,2023-09-26) | Trio CTA (1,2023-05-16)	Hero CTA|Info Shim|More Information|Text|Trio CTA
arts	76	link	https://arts.ucalgary.ca/about/office-dean	ARTS Office of the Dean	Basic page	Published	0.6	1215	200	1	1	1	ARTS - 1	1	1	ARTS - 1	4	4	1	3	0	25	75	Banner|Hero CTA|More Information	Banner (2,2024-02-14) | Hero CTA (1,2024-09-03) | More Information (1,2025-06-09)	Banner|Hero CTA|More Information
arts	92	link	https://arts.ucalgary.ca/about/about-faculty/campus-emergency-information-status	ARTS ABOUT NEWS Campus Emergency Information / Status	Basic page	Published	0.4	30	200	2	1	1	ARTS - 1	1	1	ARTS - 1	6	6	1	5	0	17	83	Divider|Hero CTA|Image|More Information|Text	Divider (1,2023-07-10) | Hero CTA (1,2025-08-28) | Image (1,2023-09-26) | More Information (1,2022-10-06) | Text (2,2023-09-26)	Divider|Hero CTA|Image|More Information|Text
arts	93	link	https://arts.ucalgary.ca/about/community/arts-co-op-employers	ARTS ABOUT CAREERS Arts Co-op Employers	Basic page	Published	0.6	295	200	2	1	15	COOP - 15	2	1|15	ARTS - 1|COOP - 15	11	10	1	0	10	9	0	Accordion|Divider|Hero CTA|Info Shim|More Information|News Feed|Related Content|Text	Accordion (1,2021-08-06) | Divider (1,2023-07-10) | Hero CTA (1,2024-08-02) | Info Shim (1,2023-07-10) | More Information (2,2023-07-10) | News Feed (1,2020-10-26) | Related Content (1,2025-06-26) | Text (3,2025-06-26)	Accordion|Divider|Hero CTA|Info Shim|More Information|Related Content|Text
arts	94	link	https://arts.ucalgary.ca/contacts/contact-us/communications-and-marketing	ARTS CONTACT Communications and Marketing	Basic page	Published	0.2	770	200	2	1	1	ARTS - 1	1	1	ARTS - 1	29	10	2	26	0	7	90	Accordion (Minimal)|Banner|Divider|Hero CTA|Info Shim|Text	Accordion (Minimal) (4,2025-09-02) | Banner (1,2023-09-26) | Divider (2,2023-07-10) | Hero CTA (1,2025-07-11) | Info Shim (1,2025-07-11) | Text (20,2025-11-07)	Banner|Divider|Hero CTA|Text
arts	105	link	https://arts.ucalgary.ca/classics-religion/research/chair-christian-thought	CLARE Chair of Christian Thought	Basic page	Published	0.1	513	200	2	1	2	CLARE - 2	1	2	CLARE - 2	9	5	1	8	0	11	89	Accordion|Banner|Divider|Hero CTA|Image|More Information|Text|Text Grid	Accordion (1,2025-12-11) | Banner (1,2023-09-26) | Divider (1,2022-10-25) | Hero CTA (1,2023-02-16) | Image (1,2023-09-26) | More Information (1,2022-10-26) | Text (2,2023-09-26) | Text Grid (1,2022-10-25)	Accordion|Banner|Hero CTA|More Information|Text
arts	115	link	https://arts.ucalgary.ca/classics-religion/current-students/graduate/phd-candidacy-policies	CLARE Future Students Graduate PhD Candidacy Policies	Basic page	Published	0.5	58	200	3	1	2	CLARE - 2	1	2	CLARE - 2	5	2	1	4	0	20	80	Banner|Divider|Hero CTA|More Information	Banner (1,2023-09-26) | Divider (1,2022-10-27) | Hero CTA (1,2023-02-16) | More Information (2,2025-07-03)	Hero CTA|More Information
arts	124	link	https://arts.ucalgary.ca/future-students/undergraduate-experience/opportunities/what-arts-co-op	ARTS FUTURE UNDERGRAD GET INVOLVED Arts Co-op	Basic page	Published	2.3	400	200	3	2	1|15	ARTS - 1|COOP - 15	4	1|14|15|16	ARTS - 1|ASC - 14|ASHA - 16|COOP - 15	4	4	1	1	2	25	25	Hero CTA|Streaming Media|Testimonial|Text	Hero CTA (1,2023-02-16) | Streaming Media (1,2023-01-19) | Testimonial (1,2023-09-26) | Text (1,2023-09-26)	Hero CTA|Streaming Media|Testimonial|Text
arts	126	link	https://arts.ucalgary.ca/current-students/undergraduate/internationalize-your-degree	ARTS CURRENT UNDERGRAD Internationalize your degree	Basic page	Published	0.1	711	200	2	1	1	ARTS - 1	2	1|9	ARTS - 1|POLI - 9	12	8	1	10	1	8	83	Banner|Hero CTA|Image with Text|More Information|News Feed|Sidekick CTA|Streaming Media|Text|Trio CTA	Banner (2,2023-09-26) | Hero CTA (1,2023-04-24) | Image with Text (2,2025-12-05) | More Information (1,2023-04-24) | News Feed (1,2020-04-02) | Sidekick CTA (1,2024-04-18) | Streaming Media (1,2023-01-19) | Text (2,2023-09-26) | Trio CTA (1,2019-03-18)	Hero CTA|Image with Text|More Information|Sidekick CTA|Text|Trio CTA
arts	147	link	https://arts.ucalgary.ca/current-students/undergraduate/arts-co-operative-education-program/current-students	ARTS CURRENT UNDERGRAD CO-OP Current students	Basic page	Unpublished	0.6		301	3	1	15	COOP - 15	4	1|14|15|16	ARTS - 1|ASC - 14|ASHA - 16|COOP - 15	16	16	1	1	14	6	6	Accordion|Banner|Divider|Hero CTA|Image|More Information|Text|Text Grid	Accordion (1,2024-04-26) | Banner (3,2025-06-19) | Divider (2,2019-04-01) | Hero CTA (1,2023-02-16) | Image (1,2023-09-26) | More Information (2,2023-07-10) | Text (4,2023-09-26) | Text Grid (2,2024-04-26)	Accordion|Banner|Divider|Hero CTA|Image|More Information|Text|Text Grid
arts	154	link	https://arts.ucalgary.ca/clare/current-students/graduate/phd-candidacy-policies	CLARE Current Graduate Students PhD Candidacy Policies	Basic page	Published	2.3	3	200	3	1	2	CLARE - 2	1	2	CLARE - 2	4	4	1	3	0	25	75	Hero CTA|Image with Text|Text Grid	Hero CTA (1,2023-02-16) | Image with Text (2,2023-09-26) | Text Grid (1,2018-10-25)	Hero CTA|Image with Text|Text Grid
arts	181	link	https://arts.ucalgary.ca/node/181	Dynamic feed testing	Basic page	Published	2.9		200	1	0						2	1	2	0	0	100	0	Hero CTA|News Feed	Hero CTA (1,2023-02-16) | News Feed (1,2020-04-02)	Hero CTA
arts	185	link	https://arts.ucalgary.ca/geography/future-students/undergraduate/programs/geography	GEOG Future Students Undergraduate Programs Geography - GEOG ,  - ARTS ,	Basic page	Published	1.8	1065	200	4	1	3	GEOG - 3	2	1|3	ARTS - 1|GEOG - 3	10	10	1	8	1	10	80	Accordion|Banner|Checklist|Divider|Hero CTA|Info Shim|More Information|Sidekick CTA|Text	Accordion (1,2020-01-16) | Banner (1,2023-09-26) | Checklist (1,2023-09-26) | Divider (1,2019-03-22) | Hero CTA (1,2023-02-16) | Info Shim (2,2024-03-21) | More Information (1,2024-03-21) | Sidekick CTA (1,2023-09-26) | Text (1,2023-09-26)	Accordion|Banner|Checklist|Divider|Hero CTA|Info Shim|More Information|Sidekick CTA|Text
arts	189	link	https://arts.ucalgary.ca/geography/future-students/graduate/programs/thesis-graduate-programs	GEOG Future Students Graduate Programs Thesis Graduate Programs - ARTS ,	Basic page	Published	0.5	609	200	4	1	3	GEOG - 3	45	1|2|3|9|13|14|15|16|17|18|19|20|21|22|23|24|25|26|27|29|30|32|33|34|35|36|37|39|41|43|45|47|49|51|53|54|55|56|57|58|60|62|63|64|65	AGSC - 65|ALMC - 37|ANTH - 20|ART & ART HIST - 36|ARTS - 1|ARTS EDI|ASC - 14|ASHA - 16|CDWP - 23|CHIN - 39|CIH - 24|CLARE - 2|CMF - 21|CMSS - 25|Conference - ICCSLTE|COOP - 15|CRFA|ECON - 27|ENGL - 13|FREN - 41|FRENCH CENTRE - 54|GEOG - 3|Geospatial Information Technology|GERM - 43|HIST - 29|IIS - 30|INDL - 45|IT - 19|ITAL - 47|JPNS - 49|LARC - 32|LING - 22|LRC - 55|PHIL - 33|POLI - 9|PSYC - 34|Psychology Clinic|Psychology Equity(comma) Diversity and Inclusion|RDC - 17|Research - 18|RUSS - 51|SCPA - 26|SLLLC - 22|SOCI - 35|SPAN - 53	9	2	1	7	1	11	78	Divider|Hero CTA|More Information|Text|Trio CTA	Divider (1,2023-07-10) | Hero CTA (1,2023-02-16) | More Information (3,2025-06-27) | Text (3,2024-03-27) | Trio CTA (1,2019-03-29)	More Information
arts	191	link	https://arts.ucalgary.ca/geography/future-students/graduate/how-apply	GEOG Future Students Graduate How to Apply - ARTS ,	Basic page	Published	0.5	126	200	3	1	3	GEOG - 3	45	1|2|3|9|13|14|15|16|17|18|19|20|21|22|23|24|25|26|27|29|30|32|33|34|35|36|37|39|41|43|45|47|49|51|53|54|55|56|57|58|60|62|63|64|65	AGSC - 65|ALMC - 37|ANTH - 20|ART & ART HIST - 36|ARTS - 1|ARTS EDI|ASC - 14|ASHA - 16|CDWP - 23|CHIN - 39|CIH - 24|CLARE - 2|CMF - 21|CMSS - 25|Conference - ICCSLTE|COOP - 15|CRFA|ECON - 27|ENGL - 13|FREN - 41|FRENCH CENTRE - 54|GEOG - 3|Geospatial Information Technology|GERM - 43|HIST - 29|IIS - 30|INDL - 45|IT - 19|ITAL - 47|JPNS - 49|LARC - 32|LING - 22|LRC - 55|PHIL - 33|POLI - 9|PSYC - 34|Psychology Clinic|Psychology Equity(comma) Diversity and Inclusion|RDC - 17|Research - 18|RUSS - 51|SCPA - 26|SLLLC - 22|SOCI - 35|SPAN - 53	8	2	1	6	1	12	75	Banner|Checklist|Divider|Hero CTA|More Information|Text Grid	Banner (2,2023-09-26) | Checklist (1,2023-09-26) | Divider (1,2019-03-29) | Hero CTA (1,2023-02-16) | More Information (2,2025-06-27) | Text Grid (1,2023-07-10)	More Information|Text Grid
arts	243	link	https://arts.ucalgary.ca/current-students/undergraduate/student-news	Arts student news	Basic page	Published	0.1	81	200	2	1	14	ASC - 14	2	1|14	ARTS - 1|ASC - 14	4	2	2	1	1	50	25	Hero CTA|Image with Text|Info Shim|News Feed	Hero CTA (1,2025-06-20) | Image with Text (1,2025-12-05) | Info Shim (1,2025-06-20) | News Feed (1,2020-04-02)	Hero CTA|Image with Text
arts	248	link	https://arts.ucalgary.ca/command-centre	ARTS ADMIN Command Centre	Basic page	Published	0.1	104	200	0	1	1	ARTS - 1	1	1	ARTS - 1	12	10	1	11	0	8	92	Hero CTA|Image with Text|Text	Hero CTA (1,2024-05-06) | Image with Text (5,2025-12-15) | Text (6,2025-11-04)	Hero CTA|Image with Text|Text
arts	253	link	https://arts.ucalgary.ca/about/about-faculty/leon-frog	ARTS ABOUT Leon the Frog	Basic page	Published	2.3	471	200	2	1	1	ARTS - 1	1	1	ARTS - 1	7	6	1	6	0	14	86	Divider|Hero CTA|Image Gallery|News Feed|Text	Divider (1,2019-02-15) | Hero CTA (1,2023-02-16) | Image Gallery (1,2019-02-15) | News Feed (1,2020-04-02) | Text (3,2023-09-26)	Divider|Hero CTA|Image Gallery|Text
arts	254	link	https://arts.ucalgary.ca/node/254	Test	Basic page	Published	2.4		200	1	0			1	1	ARTS - 1	3		2	0	1	67	0	Hero CTA|News Feed	Hero CTA (1,2023-02-16) | News Feed (2,2023-08-25)	
arts	265	link	https://arts.ucalgary.ca/political-science	Poli Home	Basic page	Published	0.1	10897	200	0	1	9	POLI - 9	2	1|9	ARTS - 1|POLI - 9	9	4	1	7	1	11	78	Banner|Hero CTA|Image with Text|News Feed|Thumbnail|Trio CTA	Banner (3,2024-05-21) | Hero CTA (1,2023-05-01) | Image with Text (1,2025-12-15) | News Feed (2,2024-12-13) | Thumbnail (1,2024-06-25) | Trio CTA (1,2019-10-31)	Banner|Hero CTA|Image with Text|Trio CTA
arts	315	link	https://arts.ucalgary.ca/about/faculty-and-staff/get-help/arts-it/arts-it-afc-lab	ARTS IT AFC LAB	Basic page	Published	1.3	963	200	4	2	1|19	ARTS - 1|IT - 19	2	1|19	ARTS - 1|IT - 19	11	11	1	9	1	9	82	Accordion|Banner|Campus Map|Checklist|Hero CTA|Info Shim|More Information|Sidekick CTA|Text	Accordion (2,2024-10-01) | Banner (2,2023-09-26) | Campus Map (1,2019-03-13) | Checklist (1,2023-09-26) | Hero CTA (1,2023-02-16) | Info Shim (1,2023-07-10) | More Information (1,2022-10-06) | Sidekick CTA (1,2023-09-26) | Text (1,2023-09-26)	Accordion|Banner|Campus Map|Checklist|Hero CTA|Info Shim|More Information|Sidekick CTA|Text
arts	319	link	https://arts.ucalgary.ca/contacts/contact-us/communications-and-marketing/social-media	Social media	Basic page	Published	0.3	176	200	3	1	1	ARTS - 1	1	1	ARTS - 1	2	2	1	1	0	50	50	Hero CTA|Text Grid	Hero CTA (1,2023-02-16) | Text Grid (1,2025-09-23)	Hero CTA|Text Grid
arts	410	link	https://arts.ucalgary.ca/political-science/contact	POLI Contact	Basic page	Published	0.3	1254	200	1	1	9	POLI - 9	2	1|9	ARTS - 1|POLI - 9	7	4	1	4	2	14	57	Banner|Hero CTA|More Information|Text Grid	Banner (1,2023-09-26) | Hero CTA (1,2023-02-16) | More Information (3,2025-01-22) | Text Grid (2,2025-09-15)	Banner|More Information|Text Grid
arts	537	link	https://arts.ucalgary.ca/research/contact-us	ARTS RESEARCH Contact us	Basic page	Published	0.1	239	200	1	1	18	Research - 18	2	1|18	ARTS - 1|Research - 18	2	2	1	0	1	50	0	Hero CTA|Thumbnail	Hero CTA (1,2023-02-16) | Thumbnail (1,2025-12-09)	Hero CTA|Thumbnail
arts	604	link	https://arts.ucalgary.ca/political-science/research/research-faculty/olds	POLI Research Research By Faculty Faculty Profiles	Basic page	Published	0.1	186	404	3	1	9	POLI - 9	1	9	POLI - 9	3		1	2	0	33	67	Divider|Hero CTA|Thumbnail	Divider (1,2021-07-21) | Hero CTA (1,2023-02-16) | Thumbnail (1,2025-11-28)	
arts	607	link	https://arts.ucalgary.ca/english	Home | English	Basic page	Published	0.1	6197	200	0	1	13	ENGL - 13	2	1|13	ARTS - 1|ENGL - 13	10	3	3	6	1	30	60	Banner|Hero CTA|Image with Text|News Feed|Text|Trio CTA	Banner (3,2024-09-16) | Hero CTA (1,2023-12-13) | Image with Text (2,2025-12-15) | News Feed (2,2020-09-08) | Text (1,2023-12-13) | Trio CTA (1,2024-06-25)	Banner|Image with Text
arts	615	link	https://arts.ucalgary.ca/political-science/future-students/undergraduate/programs/political-science	POLI Future Students Undergraduate Programs Political Science	Basic page	Published	1.8	875	200	4	1	9	POLI - 9	2	1|9	ARTS - 1|POLI - 9	10	8	1	8	1	10	80	Banner|Divider|Hero CTA|Info Shim|More Information|Sidekick CTA|Text|Text Grid	Banner (1,2023-09-26) | Divider (1,2023-07-10) | Hero CTA (1,2023-02-16) | Info Shim (1,2023-07-10) | More Information (1,2024-04-10) | Sidekick CTA (1,2023-09-26) | Text (3,2023-09-26) | Text Grid (1,2023-07-10)	Banner|Hero CTA|Info Shim|More Information|Sidekick CTA|Text
arts	620	link	https://arts.ucalgary.ca/political-science/future-students/undergraduate/programs/political-science-cooperative	POLI Future Students Undergraduate Progams Political Science and Bachelor of Education	Basic page	Published	1.8	198	200	4	1	9	POLI - 9	2	1|9	ARTS - 1|POLI - 9	5	5	1	3	1	20	60	Banner|Hero CTA|Info Shim|More Information|Sidekick CTA	Banner (1,2023-09-26) | Hero CTA (1,2023-02-16) | Info Shim (1,2023-07-10) | More Information (1,2024-04-10) | Sidekick CTA (1,2023-09-26)	Banner|Hero CTA|Info Shim|More Information|Sidekick CTA
arts	622	link	https://arts.ucalgary.ca/political-science/future-students/undergraduate/programs/political-science-ba-education	POLI Future Students Undergraduate Programs Political Science and Bachelor of Education	Basic page	Published	1.8	464	200	4	1	9	POLI - 9	2	1|9	ARTS - 1|POLI - 9	5	2	1	3	1	20	60	Banner|Hero CTA|Info Shim|More Information|Sidekick CTA	Banner (1,2023-09-26) | Hero CTA (1,2023-02-16) | Info Shim (1,2023-07-10) | More Information (1,2024-04-10) | Sidekick CTA (1,2024-04-10)	Banner|Info Shim
arts	623	link	https://arts.ucalgary.ca/political-science/future-students/undergraduate/programs/political-science-minor	POLI Future Students Undergraduate Programs Political Science Minor	Basic page	Published	1.8	49	200	4	1	9	POLI - 9	2	1|9	ARTS - 1|POLI - 9	6	3	1	4	1	17	67	Banner|Hero CTA|Info Shim|More Information|Sidekick CTA|Text Grid	Banner (1,2023-09-26) | Hero CTA (1,2023-02-16) | Info Shim (1,2023-07-10) | More Information (1,2024-04-10) | Sidekick CTA (1,2024-04-10) | Text Grid (1,2023-07-10)	Banner|Info Shim|Text Grid
arts	625	link	https://arts.ucalgary.ca/political-science/future-students/graduate/program-requirements/ma-course-and-thesis	POLI Future Students Graduate MA Course and Thesis	Basic page	Published	1.5	13	200	4	1	9	POLI - 9	1	9	POLI - 9	5	2	1	4	0	20	80	Banner|Hero CTA|More Information|Sidekick CTA	Banner (1,2023-09-26) | Hero CTA (1,2023-02-16) | More Information (2,2024-07-16) | Sidekick CTA (1,2023-09-26)	Banner|More Information
arts	626	link	https://arts.ucalgary.ca/political-science/future-students/graduate/program-requirements/phd-candidacy	POLI Future Students Graduate PhD Candidacy	Basic page	Published	1.5	47	200	4	1	9	POLI - 9	1	9	POLI - 9	5	2	1	4	0	20	80	Banner|Hero CTA|More Information|Sidekick CTA	Banner (1,2023-09-26) | Hero CTA (1,2023-02-16) | More Information (2,2024-07-16) | Sidekick CTA (1,2023-09-26)	Banner|More Information
arts	629	link	https://arts.ucalgary.ca/geography/current-students/graduate/regulations/student-funding-policy	GEOG Current Students Graduate Regulations Student Funding - ARTS ,	Basic page	Published	0.5	80	200	4	1	3	GEOG - 3	45	1|2|3|9|13|14|15|16|17|18|19|20|21|22|23|24|25|26|27|29|30|32|33|34|35|36|37|39|41|43|45|47|49|51|53|54|55|56|57|58|60|62|63|64|65	AGSC - 65|ALMC - 37|ANTH - 20|ART & ART HIST - 36|ARTS - 1|ARTS EDI|ASC - 14|ASHA - 16|CDWP - 23|CHIN - 39|CIH - 24|CLARE - 2|CMF - 21|CMSS - 25|Conference - ICCSLTE|COOP - 15|CRFA|ECON - 27|ENGL - 13|FREN - 41|FRENCH CENTRE - 54|GEOG - 3|Geospatial Information Technology|GERM - 43|HIST - 29|IIS - 30|INDL - 45|IT - 19|ITAL - 47|JPNS - 49|LARC - 32|LING - 22|LRC - 55|PHIL - 33|POLI - 9|PSYC - 34|Psychology Clinic|Psychology Equity(comma) Diversity and Inclusion|RDC - 17|Research - 18|RUSS - 51|SCPA - 26|SLLLC - 22|SOCI - 35|SPAN - 53	6	2	1	4	1	17	67	Accordion|Banner|Hero CTA|More Information|Text	Accordion (1,2023-03-02) | Banner (1,2023-09-26) | Hero CTA (1,2023-02-16) | More Information (2,2025-06-27) | Text (1,2023-09-26)	More Information
arts	630	link	https://arts.ucalgary.ca/geography/current-students/graduate/regulations/thesis-based-degree-guidelines	GEOG Current Students Graduate Regulations Thesis-Based Guidelines - ARTS ,	Basic page	Published	0.5	172	200	4	1	3	GEOG - 3	45	1|2|3|9|13|14|15|16|17|18|19|20|21|22|23|24|25|26|27|29|30|32|33|34|35|36|37|39|41|43|45|47|49|51|53|54|55|56|57|58|60|62|63|64|65	AGSC - 65|ALMC - 37|ANTH - 20|ART & ART HIST - 36|ARTS - 1|ARTS EDI|ASC - 14|ASHA - 16|CDWP - 23|CHIN - 39|CIH - 24|CLARE - 2|CMF - 21|CMSS - 25|Conference - ICCSLTE|COOP - 15|CRFA|ECON - 27|ENGL - 13|FREN - 41|FRENCH CENTRE - 54|GEOG - 3|Geospatial Information Technology|GERM - 43|HIST - 29|IIS - 30|INDL - 45|IT - 19|ITAL - 47|JPNS - 49|LARC - 32|LING - 22|LRC - 55|PHIL - 33|POLI - 9|PSYC - 34|Psychology Clinic|Psychology Equity(comma) Diversity and Inclusion|RDC - 17|Research - 18|RUSS - 51|SCPA - 26|SLLLC - 22|SOCI - 35|SPAN - 53	16	3	1	14	1	6	88	Accordion|Banner|Hero CTA|More Information|Text|Text Grid	Accordion (1,2020-01-16) | Banner (4,2024-03-27) | Hero CTA (1,2023-02-16) | More Information (2,2025-06-27) | Text (7,2025-05-05) | Text Grid (1,2019-04-03)	Banner|More Information
arts	632	link	https://arts.ucalgary.ca/geography/current-students/graduate/regulations/doctoral-candidacy-requirements	GEOG Current Students Graduate Regulations Doctoral Candidacy - ARTS ,	Basic page	Published	1.8	111	200	4	1	3	GEOG - 3	1	3	GEOG - 3	14	1	1	13	0	7	93	Banner|Checklist|Hero CTA|More Information|Text|Text Grid	Banner (4,2024-03-28) | Checklist (1,2023-09-26) | Hero CTA (1,2023-02-16) | More Information (1,2022-10-06) | Text (4,2023-09-26) | Text Grid (3,2023-07-10)	Banner
arts	634	link	https://arts.ucalgary.ca/geography/current-students/graduate/regulations/mgis-degree-guidelines	GEOG Current Students Graduate Regulations MGIS Degree Guidelines - ARTS ,	Basic page	Published	0.5	45	200	4	1	3	GEOG - 3	45	1|2|3|9|13|14|15|16|17|18|19|20|21|22|23|24|25|26|27|29|30|32|33|34|35|36|37|39|41|43|45|47|49|51|53|54|55|56|57|58|60|62|63|64|65	AGSC - 65|ALMC - 37|ANTH - 20|ART & ART HIST - 36|ARTS - 1|ARTS EDI|ASC - 14|ASHA - 16|CDWP - 23|CHIN - 39|CIH - 24|CLARE - 2|CMF - 21|CMSS - 25|Conference - ICCSLTE|COOP - 15|CRFA|ECON - 27|ENGL - 13|FREN - 41|FRENCH CENTRE - 54|GEOG - 3|Geospatial Information Technology|GERM - 43|HIST - 29|IIS - 30|INDL - 45|IT - 19|ITAL - 47|JPNS - 49|LARC - 32|LING - 22|LRC - 55|PHIL - 33|POLI - 9|PSYC - 34|Psychology Clinic|Psychology Equity(comma) Diversity and Inclusion|RDC - 17|Research - 18|RUSS - 51|SCPA - 26|SLLLC - 22|SOCI - 35|SPAN - 53	8	2	1	6	1	12	75	Banner|Hero CTA|More Information|Text|Text Grid	Banner (2,2024-05-08) | Hero CTA (1,2023-02-16) | More Information (2,2025-06-27) | Text (2,2024-03-27) | Text Grid (1,2022-06-23)	More Information
arts	635	link	https://arts.ucalgary.ca/political-science/future-students/undergraduate/programs/international-relations/international	POLI Future Students International Relations Program	Basic page	Published	0.2	726	200	5	1	9	POLI - 9	2	9|36	ART & ART HIST - 36|POLI - 9	12	2	1	8	3	8	67	Banner|Divider|Hero CTA|More Information|Sidekick CTA|Text|Text Grid	Banner (1,2023-09-26) | Divider (3,2019-06-11) | Hero CTA (1,2023-02-16) | More Information (2,2025-11-07) | Sidekick CTA (1,2024-04-10) | Text (3,2023-09-26) | Text Grid (1,2024-04-10)	Banner|More Information
arts	636	link	https://arts.ucalgary.ca/political-science/future-students/international-relations/programs/international-relations-coop-ba	POLI Future Students International Relations Program Programs BA with Co-Op in International Relations -	Basic page	Published	0.2	17	200	4	0			1	9	POLI - 9	5	2	1	0	4	20	0	Banner|Hero CTA|More Information|Sidekick CTA	Banner (1,2023-09-26) | Hero CTA (1,2023-02-16) | More Information (2,2025-11-07) | Sidekick CTA (1,2023-09-26)	Banner|More Information
arts	638	link	https://arts.ucalgary.ca/political-science/about/alumni	POLI About Alumni	Basic page	Published	2.3	68	200	2	1	9	POLI - 9	1	9	POLI - 9	5		1	4	0	20	80	Hero CTA|More Information|News Feed|Related Content|Text	Hero CTA (1,2023-02-16) | More Information (1,2022-10-06) | News Feed (1,2020-04-02) | Related Content (1,2022-10-06) | Text (1,2023-09-26)	
arts	644	link	https://arts.ucalgary.ca/english/contact	ENGL Contact	Basic page	Published	0.6	977	200	1	1	13	ENGL - 13	2	1|13	ARTS - 1|ENGL - 13	7	4	1	4	2	14	57	Banner|Hero CTA|More Information|Text Grid	Banner (1,2023-09-26) | Hero CTA (1,2023-02-16) | More Information (3,2025-02-27) | Text Grid (2,2025-06-23)	Banner|More Information|Text Grid
arts	652	link	https://arts.ucalgary.ca/english/future-students/undergraduate/contacts	ENGL Future Students Undergraduate Contacts	Basic page	Published	1.5	121	200	3	1	13	ENGL - 13	1	13	ENGL - 13	3	1	1	2	0	33	67	Hero CTA|Info Shim|More Information	Hero CTA (1,2023-02-16) | Info Shim (1,2022-11-08) | More Information (1,2024-07-11)	More Information
arts	663	link	https://arts.ucalgary.ca/english/future-students/undergraduate/programs/english-degree	ENGL Future Students Undergraduate English Degrees - ARTS ,	Basic page	Published	0.3	886	200	4	1	13	ENGL - 13	2	3|13	ENGL - 13|GEOG - 3	8	1	1	6	1	12	75	Accordion|Banner|Divider|Hero CTA|More Information|Sidekick CTA|Text|Text Grid	Accordion (1,2025-09-26) | Banner (1,2023-09-26) | Divider (1,2024-11-28) | Hero CTA (1,2023-02-16) | More Information (1,2024-03-12) | Sidekick CTA (1,2023-09-26) | Text (1,2024-11-28) | Text Grid (1,2024-11-28)	Banner
arts	665	link	https://arts.ucalgary.ca/english/future-students/undergraduate/programs/minor-medieval-renaissance-and-reformation-studies	ENGL Future Students Undergraduate Minor in Medieval Studies - ARTS ,	Basic page	Published	1.8	99	200	4	1	13	ENGL - 13	2	3|13	ENGL - 13|GEOG - 3	4	1	1	2	1	25	50	Banner|Hero CTA|More Information|Sidekick CTA	Banner (1,2023-09-26) | Hero CTA (1,2023-07-10) | More Information (1,2024-03-12) | Sidekick CTA (1,2023-09-26)	Banner
arts	666	link	https://arts.ucalgary.ca/english/future-students/graduate/programs/ma-english	ENGL Future Students Graduate MA - ARTS ,	Basic page	Published	1	647	200	4	1	13	ENGL - 13	2	13|20	ANTH - 20|ENGL - 13	11	3	1	9	1	9	82	Banner|Divider|Hero CTA|Image with Text|More Information|Text	Banner (1,2024-03-15) | Divider (1,2019-04-17) | Hero CTA (1,2023-02-16) | Image with Text (2,2023-09-26) | More Information (4,2024-03-12) | Text (2,2025-01-27)	More Information
arts	667	link	https://arts.ucalgary.ca/english/future-students/graduate/programs/phd-english	ENGL Future Students Graduate Doctorate - ARTS ,	Basic page	Published	0.4	1106	200	4	1	13	ENGL - 13	1	13	ENGL - 13	7	2	1	6	0	14	86	Banner|Hero CTA|Image with Text|More Information|Text	Banner (1,2024-03-15) | Hero CTA (1,2023-02-16) | Image with Text (1,2023-09-26) | More Information (3,2024-03-12) | Text (1,2025-08-15)	More Information
arts	675	link	https://arts.ucalgary.ca/anthropology-archaeology	ANTH | Home	Basic page	Published	0.1	8823	200	0	1	20	ANTH - 20	2	1|20	ANTH - 20|ARTS - 1	9	1	1	6	2	11	67	Banner|Divider|Hero CTA|Image with Text|News Feed|Thumbnail	Banner (3,2025-11-06) | Divider (1,2021-09-08) | Hero CTA (1,2023-02-16) | Image with Text (1,2025-12-15) | News Feed (2,2025-09-02) | Thumbnail (1,2024-06-25)	Image with Text
arts	676	link	https://arts.ucalgary.ca/communication-media-film	CMF | Home	Basic page	Published	0.1	6983	200	0	1	21	CMF - 21	2	1|21	ARTS - 1|CMF - 21	10	1	1	7	2	10	70	Banner|Divider|Hero CTA|Image with Text|News Feed|Streaming Media|Trio CTA	Banner (1,2023-09-26) | Divider (1,2021-08-09) | Hero CTA (1,2023-07-10) | Image with Text (1,2025-12-15) | News Feed (2,2025-03-18) | Streaming Media (2,2024-10-02) | Trio CTA (2,2024-06-25)	Image with Text
arts	677	link	https://arts.ucalgary.ca/languages-linguistics-literatures-cultures	SLLLC | Home	Basic page	Published	0.1	9265	200	0	1	22	SLLLC - 22	2	1|22	ARTS - 1|SLLLC - 22	9	4	1	4	4	11	44	Hero CTA|Image with Text|Info Shim|News Feed|Related Content|Text|Thumbnail|Trio CTA	Hero CTA (1,2023-07-10) | Image with Text (1,2025-12-15) | Info Shim (1,2023-07-10) | News Feed (2,2022-09-19) | Related Content (1,2024-10-28) | Text (1,2023-09-26) | Thumbnail (1,2024-06-25) | Trio CTA (1,2024-10-24)	Image with Text|Info Shim|Related Content|Thumbnail
arts	687	link	https://arts.ucalgary.ca/communication-media-film/contact	CMF Contact	Basic page	Published	1	800	200	1	1	21	CMF - 21	17	1|13|21|22|37|39|41|43|45|47|49|51|53|54|55|60|64	ALMC - 37|ARTS - 1|CHIN - 39|CMF - 21|Conference - ICCSLTE|ENGL - 13|FREN - 41|FRENCH CENTRE - 54|GERM - 43|INDL - 45|ITAL - 47|JPNS - 49|LING - 22|LRC - 55|RUSS - 51|SLLLC - 22|SPAN - 53	7	4	1	3	3	14	43	Banner|Hero CTA|More Information|Text Grid	Banner (1,2023-09-26) | Hero CTA (1,2023-02-16) | More Information (3,2025-01-27) | Text Grid (2,2025-01-21)	Banner|More Information|Text Grid
arts	694	link	https://arts.ucalgary.ca/communication-media-film/future-students/graduate/how-apply	CMF Future Students Graduate How to Apply	Basic page	Published	2.3	261	200	3	1	21	CMF - 21	1	21	CMF - 21	12	1	1	11	0	8	92	Banner|Checklist|Divider|Hero CTA|More Information|Sidekick CTA|Text|Text Grid	Banner (2,2023-09-26) | Checklist (2,2023-09-26) | Divider (1,2023-07-10) | Hero CTA (1,2023-02-16) | More Information (2,2023-10-12) | Sidekick CTA (1,2023-09-26) | Text (2,2023-09-26) | Text Grid (1,2023-07-10)	More Information
arts	703	link	https://arts.ucalgary.ca/communication-media-film/about/alumni	CMF About Alumni	Basic page	Published	2.3	28	200	2	1	21	CMF - 21	2	1|21	ARTS - 1|CMF - 21	5	1	1	3	1	20	60	Hero CTA|More Information|News Feed|Related Content|Text	Hero CTA (1,2023-02-16) | More Information (1,2022-10-06) | News Feed (1,2020-04-02) | Related Content (1,2022-10-06) | Text (1,2023-09-26)	More Information
arts	722	link	https://arts.ucalgary.ca/anthropology-archaeology/future-students/graduate/how-apply	ANTH Future Students Graduate How to Apply	Basic page	Published	0.4	175	200	3	1	20	ANTH - 20	1	20	ANTH - 20	10	1	1	9	0	10	90	Banner|Checklist|Divider|Hero CTA|More Information|Text|Text Grid	Banner (2,2023-09-26) | Checklist (1,2023-09-26) | Divider (2,2019-06-10) | Hero CTA (1,2023-02-16) | More Information (2,2025-08-21) | Text (1,2023-09-26) | Text Grid (1,2023-07-10)	More Information
arts	734	link	https://arts.ucalgary.ca/english/current-students/graduate/reading-lists	ENGL Current Students Graduate Field Reading Lists - ARTS ,	Basic page	Published	2	474	200	3	1	13	ENGL - 13	1	13	ENGL - 13	5	1	1	4	0	20	80	Divider|Hero CTA|More Information|Text|Text Grid	Divider (1,2022-11-02) | Hero CTA (1,2023-02-16) | More Information (1,2024-01-10) | Text (1,2023-09-26) | Text Grid (1,2021-01-04)	More Information
arts	736	link	https://arts.ucalgary.ca/about/community/calgary-distinguished-writers-program	calgary distinguished writers program | Home	Basic page	Published	0.3	814	200	2	1	23	CDWP - 23	1	23	CDWP - 23	7	1	1	6	0	14	86	Hero CTA|Info Shim|Marketo|News Feed|Sidekick CTA|Testimonial|Thumbnail	Hero CTA (1,2025-09-10) | Info Shim (1,2019-09-13) | Marketo (1,2023-06-15) | News Feed (1,2020-04-02) | Sidekick CTA (1,2025-09-10) | Testimonial (1,2025-07-16) | Thumbnail (1,2025-10-08)	Marketo
arts	744	link	https://arts.ucalgary.ca/language-research-centre-home	Language Research Centre | Home	Basic page	Published	2.3	355	200	0	0			2	22|55	LRC - 55|SLLLC - 22	6		1	0	5	17	0	Banner|Divider|Hero CTA|News Feed	Banner (3,2023-09-26) | Divider (1,2020-01-22) | Hero CTA (1,2023-02-16) | News Feed (1,2020-04-02)	
arts	746	link	https://arts.ucalgary.ca/philosophy	Department of Philosophy | Home	Basic page	Published	0.1	5764	200	0	1	33	PHIL - 33	2	1|33	ARTS - 1|PHIL - 33	13	1	1	11	1	8	85	Divider|Hero CTA|Image|Image with Text|News Feed|Related Content|Testimonial|Text|Trio CTA	Divider (2,2025-01-30) | Hero CTA (1,2024-07-23) | Image (1,2023-09-26) | Image with Text (1,2025-12-15) | News Feed (2,2025-10-01) | Related Content (1,2024-08-27) | Testimonial (1,2023-09-26) | Text (2,2023-09-26) | Trio CTA (2,2025-01-13)	Image with Text
arts	747	link	https://arts.ucalgary.ca/psychology	Department of Psychology | Home	Basic page	Published	0.1	20028	200	0	1	34	PSYC - 34	2	1|34	ARTS - 1|PSYC - 34	12	1	1	10	1	8	83	Banner|Divider|Hero CTA|Image|Image with Text|News Feed|Text|Thumbnail|Trio CTA	Banner (2,2023-09-26) | Divider (2,2020-05-15) | Hero CTA (1,2023-05-02) | Image (1,2024-04-15) | Image with Text (1,2025-12-15) | News Feed (2,2020-05-11) | Text (1,2023-09-26) | Thumbnail (1,2024-06-25) | Trio CTA (1,2020-05-11)	Image with Text
arts	751	link	https://arts.ucalgary.ca/anthropology-archaeology/about/alumni	ANTH About Alumni	Basic page	Published	2.3	58	200	2	1	20	ANTH - 20	2	1|20	ANTH - 20|ARTS - 1	5	1	1	3	1	20	60	Hero CTA|More Information|News Feed|Related Content|Text	Hero CTA (1,2023-02-16) | More Information (1,2022-10-06) | News Feed (1,2020-04-02) | Related Content (1,2022-10-06) | Text (1,2023-09-26)	More Information
arts	766	link	https://arts.ucalgary.ca/department-template/contact	DEPT TEMPL Contact	Basic page	Unpublished	2.3		403	1	1	1	ARTS - 1	1	1	ARTS - 1	5	1	1	4	0	20	80	Accordion|Banner|Campus Map|Hero CTA|More Information	Accordion (1,2020-01-16) | Banner (1,2023-09-26) | Campus Map (1,2019-05-01) | Hero CTA (1,2023-02-16) | More Information (1,2022-10-06)	Banner
arts	805	link	https://arts.ucalgary.ca/department-template/future-students/undergraduate/programs/sample-program	DEPT TEMPL Future Students Undergraduate Programs Sample Program	Basic page	Unpublished	2.3		403	4	1	1	ARTS - 1	2	1|20	ANTH - 20|ARTS - 1	5	2	1	3	1	20	60	Banner|Hero CTA|More Information|Sidekick CTA	Banner (1,2023-09-26) | Hero CTA (1,2023-02-16) | More Information (2,2022-10-06) | Sidekick CTA (1,2023-09-26)	Banner|More Information
arts	807	link	https://arts.ucalgary.ca/department-template/future-students/graduate/programs/sample-program	DEPT TEMPL Future Students Graduate Programs Sample Program	Basic page	Unpublished	2.3		403	4	1	1	ARTS - 1	1	1	ARTS - 1	7	1	1	6	0	14	86	Divider|Hero CTA|More Information|Text|Trio CTA	Divider (1,2023-07-10) | Hero CTA (1,2023-02-16) | More Information (3,2023-07-10) | Text (1,2023-09-26) | Trio CTA (1,2019-04-30)	More Information
arts	809	link	https://arts.ucalgary.ca/english/about/alumni	ENGL About Alumni - ARTS ,	Basic page	Published	2.3	49	200	2	1	13	ENGL - 13	1	13	ENGL - 13	5		1	4	0	20	80	Hero CTA|More Information|News Feed|Related Content|Text	Hero CTA (1,2023-02-16) | More Information (1,2022-11-09) | News Feed (1,2020-04-02) | Related Content (1,2022-10-06) | Text (1,2023-09-26)	
arts	831	link	https://arts.ucalgary.ca/anthropology-archaeology/future-students/undergraduate/programs/social-and-cultural-anthropology	ANTH Future Students Undergraduate Programs Social and Cultural Anthropology	Basic page	Published	1.6	528	200	4	1	20	ANTH - 20	2	1|20	ANTH - 20|ARTS - 1	7	2	1	4	2	14	57	Banner|Hero CTA|Image with Text|Info Shim|More Information|Sidekick CTA|Text	Banner (1,2023-09-26) | Hero CTA (1,2023-02-16) | Image with Text (1,2023-09-26) | Info Shim (1,2023-07-10) | More Information (1,2024-06-07) | Sidekick CTA (1,2023-09-26) | Text (1,2023-09-26)	Banner|Info Shim
arts	833	link	https://arts.ucalgary.ca/anthropology-archaeology/future-students/undergraduate/programs/biological-anthropology	ANTH Future Students Undergraduate Programs Biological Anthropology	Basic page	Published	1.6	786	200	4	1	20	ANTH - 20	2	1|20	ANTH - 20|ARTS - 1	7	2	1	5	1	14	71	Banner|Hero CTA|Image with Text|Info Shim|More Information|Sidekick CTA|Text	Banner (1,2023-09-26) | Hero CTA (1,2023-02-16) | Image with Text (1,2023-09-26) | Info Shim (1,2023-07-10) | More Information (1,2024-06-07) | Sidekick CTA (1,2023-09-26) | Text (1,2023-09-26)	Banner|Info Shim
arts	835	link	https://arts.ucalgary.ca/anthropology-archaeology/future-students/undergraduate/programs/archaeology	ANTH Future Students Undergraduate Programs Archaeology	Basic page	Published	1.6	628	200	4	1	20	ANTH - 20	2	1|20	ANTH - 20|ARTS - 1	8	2	1	5	2	12	62	Banner|Hero CTA|Image with Text|Info Shim|More Information|Sidekick CTA|Text	Banner (1,2023-09-26) | Hero CTA (1,2023-02-16) | Image with Text (1,2023-09-26) | Info Shim (1,2023-07-10) | More Information (1,2024-06-07) | Sidekick CTA (1,2023-09-26) | Text (2,2023-09-26)	Banner|Info Shim
arts	836	link	https://arts.ucalgary.ca/anthropology-archaeology/future-students/undergraduate/programs/development-studies	ANTH Future Students Undergraduate Programs Development Studies	Basic page	Published	0.2	317	200	4	1	20	ANTH - 20	7	1|3|20|34|56|57|58	ANTH - 20|ARTS - 1|GEOG - 3|Geospatial Information Technology|PSYC - 34|Psychology Clinic|Psychology Equity(comma) Diversity and Inclusion	8	2	1	4	3	12	50	Banner|Hero CTA|Image with Text|Info Shim|More Information|Sidekick CTA|Text	Banner (1,2023-09-26) | Hero CTA (1,2025-11-18) | Image with Text (1,2023-09-26) | Info Shim (1,2023-07-10) | More Information (1,2025-11-18) | Sidekick CTA (1,2025-11-18) | Text (2,2025-11-18)	Banner|Info Shim
arts	838	link	https://arts.ucalgary.ca/art-art-history/about/alumni	ART About Alumni	Basic page	Published	2.3	31	200	2	1	36	ART & ART HIST - 36	1	36	ART & ART HIST - 36	5		1	4	0	20	80	Hero CTA|More Information|News Feed|Related Content|Text	Hero CTA (1,2023-02-16) | More Information (1,2022-10-06) | News Feed (1,2020-04-02) | Related Content (1,2022-10-06) | Text (1,2023-09-26)	
arts	848	link	https://arts.ucalgary.ca/communication-media-film/future-students/undergraduate/programs/communication-and-media-studies	CMF Future Students Undergraduate Programs Communication and Media Studies	Basic page	Published	1.8	1502	200	4	1	21	CMF - 21	2	1|21	ARTS - 1|CMF - 21	7	2	1	4	2	14	57	Banner|Hero CTA|Image with Text|Info Shim|More Information|Sidekick CTA|Text	Banner (1,2023-09-26) | Hero CTA (1,2023-02-16) | Image with Text (1,2023-09-26) | Info Shim (1,2023-07-10) | More Information (1,2024-03-14) | Sidekick CTA (1,2023-09-26) | Text (1,2024-03-12)	Banner|Info Shim
arts	849	link	https://arts.ucalgary.ca/communication-media-film/future-students/undergraduate/programs/film-studies	CMF Future Students Undergraduate Programs Film Studies	Basic page	Published	1.8	276	200	4	1	21	CMF - 21	3	1|13|21	ARTS - 1|CMF - 21|ENGL - 13	7	2	1	3	3	14	43	Banner|Hero CTA|Image with Text|Info Shim|More Information|Sidekick CTA|Text	Banner (1,2023-09-26) | Hero CTA (1,2023-02-16) | Image with Text (1,2023-09-26) | Info Shim (1,2023-07-10) | More Information (1,2024-03-14) | Sidekick CTA (1,2023-09-26) | Text (1,2023-09-26)	Banner|Info Shim
arts	850	link	https://arts.ucalgary.ca/anthropology-archaeology/future-students/undergraduate/field-schools	ANTH Current Students Undergraduate Field Schools	Basic page	Published	0.2	951	200	3	1	20	ANTH - 20	6	3|20|34|56|57|58	ANTH - 20|GEOG - 3|Geospatial Information Technology|PSYC - 34|Psychology Clinic|Psychology Equity(comma) Diversity and Inclusion	8	1	1	5	2	12	62	Divider|Hero CTA|Image|Text	Divider (1,2021-10-26) | Hero CTA (1,2023-02-16) | Image (3,2025-10-23) | Text (3,2025-10-23)	Hero CTA
arts	851	link	https://arts.ucalgary.ca/anthropology-archaeology/future-students/graduate/programs/anthropology	ANTH Future Students Graduate Programs Anthropology	Basic page	Published	0.4	414	200	4	1	20	ANTH - 20	1	20	ANTH - 20	6	2	1	5	0	17	83	Divider|Hero CTA|More Information|Related Content	Divider (1,2019-06-21) | Hero CTA (1,2023-02-16) | More Information (3,2025-08-21) | Related Content (1,2022-10-06)	More Information
arts	852	link	https://arts.ucalgary.ca/anthropology-archaeology/future-students/graduate/programs/archaeology	ANTH Future Students Graduate Programs Archaeology	Basic page	Published	0.4	361	200	4	1	20	ANTH - 20	1	20	ANTH - 20	7	2	1	6	0	14	86	Divider|Hero CTA|More Information|Related Content|Text	Divider (1,2019-06-12) | Hero CTA (1,2023-02-16) | More Information (3,2025-08-21) | Related Content (1,2022-10-06) | Text (1,2023-09-26)	More Information
arts	853	link	https://arts.ucalgary.ca/anthropology-archaeology/future-students/graduate/programs/biological-anthropology	ANTH Future Students Graduate Programs Biological Anthropology	Basic page	Published	0.4	743	200	4	1	20	ANTH - 20	1	20	ANTH - 20	8	2	1	7	0	12	88	Divider|Hero CTA|More Information|Related Content|Text|Thumbnail	Divider (1,2019-06-21) | Hero CTA (1,2023-02-16) | More Information (3,2025-08-21) | Related Content (1,2022-10-06) | Text (1,2025-08-21) | Thumbnail (1,2024-02-14)	More Information
arts	869	link	https://arts.ucalgary.ca/english/research/tia-house	ENGL About TIA House - ARTS ,	Basic page	Unpublished	1.3		403	2	1	13	ENGL - 13	1	13	ENGL - 13	5	1	1	4	0	20	80	Banner|Hero CTA|Text	Banner (1,2024-09-16) | Hero CTA (1,2023-02-16) | Text (3,2023-09-26)	Banner
arts	870	link	https://arts.ucalgary.ca/english/future-students/graduate/free-exchange-graduate-conference	ENGL About Free Exchange Graduate Conference - ARTS ,	Basic page	Published	2	92	200	3	1	13	ENGL - 13	1	13	ENGL - 13	5	1	1	4	0	20	80	Banner|Divider|Hero CTA|Image with Text|More Information	Banner (1,2023-09-26) | Divider (1,2022-11-01) | Hero CTA (1,2023-02-16) | Image with Text (1,2023-09-26) | More Information (1,2024-01-10)	More Information
arts	882	link	https://arts.ucalgary.ca/art-art-history/future-students/graduate/master-fine-arts	ART Future Students Graduate Master of Fine Arts	Basic page	Unpublished	1.2	41	403	3	1	36	ART & ART HIST - 36	1	36	ART & ART HIST - 36	13	1	1	11	1	8	85	Banner|Custom Code|Divider|Hero CTA|More Information|Sidekick CTA|Text|Trio CTA	Banner (2,2024-02-07) | Custom Code (1,2021-11-25) | Divider (2,2023-07-10) | Hero CTA (1,2023-02-16) | More Information (2,2024-10-24) | Sidekick CTA (1,2023-09-26) | Text (3,2024-01-08) | Trio CTA (1,2022-08-29)	More Information
arts	898	link	https://arts.ucalgary.ca/anthropology-archaeology/future-students/graduate/anthropology-phd-candidacy-policy	ANTH Future Students Graduate Anthropology PhD Policy	Basic page	Published	0.4	194	200	3	1	20	ANTH - 20	6	3|20|34|56|57|58	ANTH - 20|GEOG - 3|Geospatial Information Technology|PSYC - 34|Psychology Clinic|Psychology Equity(comma) Diversity and Inclusion	14		1	12	1	7	86	Accordion|Banner|Divider|Hero CTA|Info Shim|Text|Text Grid	Accordion (1,2020-01-16) | Banner (2,2024-03-18) | Divider (1,2019-06-28) | Hero CTA (1,2023-02-16) | Info Shim (1,2019-06-28) | Text (7,2025-08-21) | Text Grid (1,2019-06-28)	
arts	899	link	https://arts.ucalgary.ca/anthropology-archaeology/future-students/graduate/archaeology-phd-candidacy-policy	ANTH Future Students Graduate Archaeology PhD Policy	Basic page	Published	1.8	107	200	3	1	20	ANTH - 20	1	20	ANTH - 20	14		1	13	0	7	93	Accordion|Banner|Divider|Hero CTA|Info Shim|Text|Text Grid	Accordion (1,2020-01-16) | Banner (2,2024-03-18) | Divider (2,2019-06-28) | Hero CTA (1,2023-02-16) | Info Shim (1,2019-06-28) | Text (6,2023-09-26) | Text Grid (1,2019-06-28)	
arts	913	link	https://arts.ucalgary.ca/english/future-students/graduate/how-apply	ENGL Future Students Graduate How to Apply - ARTS ,	Basic page	Published	1.8	160	200	3	1	13	ENGL - 13	2	2|13	CLARE - 2|ENGL - 13	7	2	1	3	3	14	43	Checklist|Hero CTA|Info Shim|More Information	Checklist (1,2023-09-26) | Hero CTA (1,2023-02-16) | Info Shim (1,2024-03-15) | More Information (4,2024-01-10)	More Information
arts	918	link	https://arts.ucalgary.ca/anthropology-archaeology/about/community-engagement/public-archaeology-program/artifacts	ANTH About Public Archaeology Artifacts	Basic page	Published	2.3	75	200	4	1	20	ANTH - 20	1	20	ANTH - 20	6		1	5	0	17	83	Hero CTA|Image with Text	Hero CTA (1,2023-02-16) | Image with Text (5,2023-09-26)	
arts	926	link	https://arts.ucalgary.ca/art-art-history/research/selected-works/faculty	ART Reseach Selected Works Faculty	Basic page	Published	0.3	158	200	3	1	36	ART & ART HIST - 36	1	36	ART & ART HIST - 36	19	1	6	13	0	32	68	Banner|Divider|Hero CTA|Image Gallery	Banner (1,2023-09-26) | Divider (8,2020-03-16) | Hero CTA (1,2023-02-16) | Image Gallery (9,2025-10-02)	Banner
arts	939	link	https://arts.ucalgary.ca/communication-media-film/future-students/graduate/programs/master-arts-ma	CMF Future Students Graduate Programs Master of Arts	Basic page	Published	1.8	593	200	4	1	21	CMF - 21	1	21	CMF - 21	9	1	1	8	0	11	89	Divider|Hero CTA|More Information|Sidekick CTA|Text	Divider (1,2019-09-06) | Hero CTA (1,2023-02-16) | More Information (3,2024-03-14) | Sidekick CTA (1,2023-09-26) | Text (3,2023-09-26)	More Information
arts	943	link	https://arts.ucalgary.ca/communication-media-film/future-students/graduate/programs/doctor-philosophy-phd	CMF Future Students Graduate Programs Doctor of Philosophy	Basic page	Published	1.8	365	200	4	1	21	CMF - 21	1	21	CMF - 21	9	1	1	8	0	11	89	Divider|Hero CTA|More Information|Sidekick CTA|Text	Divider (1,2019-09-06) | Hero CTA (1,2023-02-16) | More Information (3,2024-03-14) | Sidekick CTA (1,2023-09-26) | Text (3,2023-09-26)	More Information
arts	971	link	https://arts.ucalgary.ca/communication-media-film/future-students/graduate/referee-requirements	CMF Future Students Graduate Referee Requirements	Basic page	Published	2.3	101	200	3	1	21	CMF - 21	1	21	CMF - 21	7		1	6	0	14	86	Banner|Divider|Hero CTA|More Information|Text|Text Grid	Banner (1,2023-09-26) | Divider (1,2023-07-10) | Hero CTA (1,2023-02-16) | More Information (1,2023-07-10) | Text (2,2023-09-26) | Text Grid (1,2023-07-10)	
arts	979	link	https://arts.ucalgary.ca/languages-linguistics-literatures-cultures/language-placement	SLLLC Future Students Language Placement	Basic page	Published	2.3	1898	200	1	1	22	SLLLC - 22	1	22	SLLLC - 22	13	1	1	12	0	8	92	Banner|Divider|Hero CTA|Image|Text	Banner (2,2023-09-26) | Divider (1,2023-07-10) | Hero CTA (1,2023-02-16) | Image (8,2023-09-26) | Text (1,2023-09-26)	Text
arts	997	link	https://arts.ucalgary.ca/communication-media-film/future-students/undergraduate/programs/honours-program	CMF Future Students Undergraduate Programs Honours Program	Basic page	Published	0.9	531	200	4	1	21	CMF - 21	1	21	CMF - 21	12		1	11	0	8	92	Accordion|Banner|Checklist|Divider|Hero CTA|Image with Text|More Information|Sidekick CTA|Text|Text Grid	Accordion (1,2024-03-14) | Banner (1,2023-09-26) | Checklist (1,2024-06-05) | Divider (2,2019-09-06) | Hero CTA (1,2023-02-16) | Image with Text (1,2023-09-26) | More Information (1,2022-10-06) | Sidekick CTA (1,2023-09-26) | Text (1,2023-09-26) | Text Grid (2,2025-02-21)	
arts	1017	link	https://arts.ucalgary.ca/languages-linguistics-literatures-cultures/about/alumni	SLLLC About Alumni	Basic page	Published	2.3	57	200	2	1	22	SLLLC - 22	1	22	SLLLC - 22	5		1	4	0	20	80	Hero CTA|More Information|News Feed|Related Content|Text	Hero CTA (1,2023-02-16) | More Information (1,2022-10-06) | News Feed (1,2020-04-02) | Related Content (1,2022-10-06) | Text (1,2023-09-26)	
arts	1021	link	https://arts.ucalgary.ca/communication-media-film/future-students/undergraduate/student-clubs	CMF Future Students Undergraduate Student Clubs	Basic page	Published	2.3	62	200	3	1	21	CMF - 21	1	21	CMF - 21	4		1	3	0	25	75	Banner|Hero CTA|Sidekick CTA	Banner (2,2023-09-26) | Hero CTA (1,2023-02-16) | Sidekick CTA (1,2023-09-26)	
arts	1089	link	https://arts.ucalgary.ca/languages-linguistics-literatures-cultures/future-students/graduate/degree-programs/languages-literatures-and	SLLLC Future Students Graduate Degree Programs Languages Literatures and Cultures Research Areas and Supervisors	Basic page	Published	1.2	234	200	4	1	22	SLLLC - 22	1	22	SLLLC - 22	4	1	1	3	0	25	75	Banner|Divider|Hero CTA|Thumbnail	Banner (1,2023-09-26) | Divider (1,2020-02-06) | Hero CTA (1,2023-02-16) | Thumbnail (1,2024-10-29)	Thumbnail
arts	1091	link	https://arts.ucalgary.ca/languages-linguistics-literatures-cultures/future-students/graduate/degree-programs/linguistics/potential-research	SLLLC Future Students Graduate Degree Programs Linguistics Research Areas and Supervisors Linguistics	Basic page	Published	1.2	133	200	5	2	22|60	LING - 22|SLLLC - 22	1	22	SLLLC - 22	4	1	1	0	3	25	0	Banner|Divider|Hero CTA|Thumbnail	Banner (1,2023-09-26) | Divider (1,2020-02-06) | Hero CTA (1,2023-02-16) | Thumbnail (1,2024-10-29)	Thumbnail
arts	1120	link	https://arts.ucalgary.ca/creative-performing-arts/future-students/undergraduate-music/undergraduate-programs/ba-music	SCPA Future Students Music Undergraduate Programs BA Music	Basic page	Published	1.7	253	200	4	1	26	SCPA - 26	1	26	SCPA - 26	5	2	1	4	0	20	80	Banner|Hero CTA|More Information|Sidekick CTA	Banner (1,2023-09-26) | Hero CTA (1,2023-02-16) | More Information (2,2024-05-03) | Sidekick CTA (1,2023-09-26)	Banner|More Information
arts	1122	link	https://arts.ucalgary.ca/creative-performing-arts/future-students/undergraduate-music/undergraduate-programs/bmus	SCPA Future Students Music Undergraduate Programs BMus Music	Basic page	Published	1.7	901	200	4	1	26	SCPA - 26	1	26	SCPA - 26	9	2	1	8	0	11	89	Banner|Hero CTA|Image|Info Shim|More Information|Sidekick CTA|Text	Banner (1,2023-09-26) | Hero CTA (1,2023-02-16) | Image (1,2023-09-26) | Info Shim (1,2019-08-14) | More Information (2,2024-05-03) | Sidekick CTA (1,2023-09-26) | Text (2,2023-09-26)	Banner|More Information
arts	1146	link	https://arts.ucalgary.ca/creative-performing-arts/about/alumni	SCPA About Alumni	Basic page	Published	0.9	111	200	2	1	26	SCPA - 26	1	26	SCPA - 26	10		1	9	0	10	90	Divider|Hero CTA|Image|More Information|News Feed|Related Content|Text	Divider (2,2023-05-25) | Hero CTA (1,2023-02-16) | Image (2,2025-02-25) | More Information (1,2022-10-06) | News Feed (1,2020-04-02) | Related Content (1,2022-10-06) | Text (2,2025-02-25)	
arts	1150	link	https://arts.ucalgary.ca/creative-performing-arts/news-and-events	SCPA News and Events	Basic page	Published	2.3	1460	0|200	1	1	26	SCPA - 26	1	26	SCPA - 26	4		2	2	0	50	50	Hero CTA|News Feed|Text	Hero CTA (1,2023-02-16) | News Feed (2,2020-04-02) | Text (1,2023-09-26)	
arts	1200	link	https://arts.ucalgary.ca/integrated-arts-media-labs	ART About Integrated Arts Media Labs	Basic page	Published	2.3	158	200	0	1	36	ART & ART HIST - 36	1	36	ART & ART HIST - 36	11		2	9	0	18	82	Banner|Campus Map|Divider|Hero CTA|More Information|Panorama|Thumbnail	Banner (3,2023-09-26) | Campus Map (1,2019-08-02) | Divider (2,2023-07-10) | Hero CTA (1,2023-02-16) | More Information (1,2023-07-10) | Panorama (1,2020-09-18) | Thumbnail (2,2020-04-27)	
arts	1208	link	https://arts.ucalgary.ca/art-art-history/current-students/graduate/faculty-grad-studies/integrated-arts-media-labs	ART About Facilities Integrated Arts Media Labs Facilities Help and How-To	Basic page	Published	0.6	10	200	4	1	36	ART & ART HIST - 36	1	36	ART & ART HIST - 36	2		1	1	0	50	50	Accordion|Hero CTA	Accordion (1,2020-01-16) | Hero CTA (1,2025-06-13)	
arts	1220	link	https://arts.ucalgary.ca/creative-performing-arts/future-students/undergraduate-music/undergraduate-programs/concentration-sonic-arts	SCPA Future Students Music Undergraduate Programs Sonic Arts	Basic page	Published	1.7	532	200	4	1	26	SCPA - 26	1	26	SCPA - 26	5	2	1	4	0	20	80	Banner|Hero CTA|More Information|Sidekick CTA	Banner (1,2023-09-26) | Hero CTA (1,2023-02-16) | More Information (2,2024-05-03) | Sidekick CTA (1,2023-09-26)	Banner|More Information
arts	1224	link	https://arts.ucalgary.ca/node/1224	ANTH Current Students Undergraduate Field Schools Clone	Basic page	Published	2.3	16	200	1	1	20	ANTH - 20	1	20	ANTH - 20	24	1	1	23	0	4	96	Divider|Hero CTA|Image|Text	Divider (4,2019-08-07) | Hero CTA (1,2023-02-16) | Image (6,2023-09-26) | Text (13,2023-09-26)	Hero CTA
arts	1265	link	https://arts.ucalgary.ca/creative-performing-arts/future-students/undergraduate-drama/drama	SCPA Future Students Drama Undergraduate Programs	Basic page	Published	1.2	799	200	3	1	26	SCPA - 26	2	1|26	ARTS - 1|SCPA - 26	8	1	1	6	1	12	75	Banner|Hero CTA|Info Shim|More Information|Sidekick CTA|Streaming Media|Text	Banner (1,2023-09-26) | Hero CTA (1,2023-02-16) | Info Shim (2,2024-05-03) | More Information (1,2024-04-12) | Sidekick CTA (1,2023-09-26) | Streaming Media (1,2024-11-01) | Text (1,2023-09-26)	Info Shim
arts	1275	link	https://arts.ucalgary.ca/communication-media-film/current-students/graduate/doctoral-candidacy-requirements	CMF Current Students Graduate Doctoral Candidacy Requirements	Basic page	Published	1.8	82	200	3	1	21	CMF - 21	1	21	CMF - 21	3		1	2	0	33	67	Hero CTA|More Information|Sidekick CTA	Hero CTA (1,2023-02-16) | More Information (1,2023-07-10) | Sidekick CTA (1,2024-03-14)	
arts	1284	link	https://arts.ucalgary.ca/languages-linguistics-literatures-cultures/arabic-language-muslim-cultures/contact	ALMC Contact	Basic page	Published	2.3	38	200	2	1	37	ALMC - 37	4	1|22|37|53	ALMC - 37|ARTS - 1|SLLLC - 22|SPAN - 53	8	2	1	2	5	12	25	Banner|Campus Map|Divider|Hero CTA|More Information|Text|Text Grid	Banner (1,2023-09-26) | Campus Map (1,2020-01-08) | Divider (1,2020-06-10) | Hero CTA (1,2023-02-16) | More Information (1,2022-10-06) | Text (2,2023-09-26) | Text Grid (1,2020-07-10)	Banner|Text Grid
arts	1293	link	https://arts.ucalgary.ca/languages-linguistics-literatures-cultures/french-francophone-studies/home/contact	FREN Contact	Basic page	Published	0.5	257	200	3	1	41	FREN - 41	3	1|22|41	ARTS - 1|FREN - 41|SLLLC - 22	8	2	1	1	6	12	12	Banner|Campus Map|Divider|Hero CTA|More Information|Text|Text Grid	Banner (1,2023-09-26) | Campus Map (1,2020-01-06) | Divider (1,2020-06-10) | Hero CTA (1,2023-02-16) | More Information (1,2024-03-13) | Text (2,2024-03-13) | Text Grid (1,2025-07-30)	Banner|Text Grid
arts	1296	link	https://arts.ucalgary.ca/languages-linguistics-literatures-cultures/french-centre/activites	FREN CENTRE Activit√©s	Basic page	Published	0.8	337	200	2	2	41|54	FREN - 41|FRENCH CENTRE - 54	4	1|22|41|54	ARTS - 1|FREN - 41|FRENCH CENTRE - 54|SLLLC - 22	7	1	1	1	5	14	14	Divider|Hero CTA|More Information|Related Content|Text	Divider (1,2020-02-04) | Hero CTA (1,2023-02-16) | More Information (1,2022-10-06) | Related Content (2,2025-04-11) | Text (2,2023-09-26)	More Information
arts	1299	link	https://arts.ucalgary.ca/languages-linguistics-literatures-cultures/french-centre/nous-contacter	FREN CENTRE Nous Contacter	Basic page	Published	1.5	155	200	2	1	54	FRENCH CENTRE - 54	4	1|22|41|54	ARTS - 1|FREN - 41|FRENCH CENTRE - 54|SLLLC - 22	5	3	1	0	4	20	0	Banner|Campus Map|Hero CTA|More Information|Text Grid	Banner (1,2023-09-26) | Campus Map (1,2019-12-04) | Hero CTA (1,2023-02-16) | More Information (1,2022-10-06) | Text Grid (1,2024-07-18)	Banner|More Information|Text Grid
arts	1305	link	https://arts.ucalgary.ca/languages-linguistics-literatures-cultures/french-centre/activites/le-centre	FREN Le Centre	Basic page	Published	2.3	574	200	3	1	54	FRENCH CENTRE - 54	4	1|22|41|54	ARTS - 1|FREN - 41|FRENCH CENTRE - 54|SLLLC - 22	4	1	1	0	3	25	0	Hero CTA|Image|More Information|Text	Hero CTA (1,2023-02-16) | Image (1,2023-09-26) | More Information (1,2022-10-06) | Text (1,2023-09-26)	More Information
arts	32213	link	https://arts.ucalgary.ca/creative-performing-arts/future-students/undergraduate-dance/dance	SCPA Future Students Dance Undergraduate Program	Basic page	Published	1.2	704	200	3	1	26	SCPA - 26	2	1|26	ARTS - 1|SCPA - 26	8	2	1	6	1	12	75	Banner|Hero CTA|Info Shim|More Information|Sidekick CTA|Streaming Media|Text Grid	Banner (1,2023-09-26) | Hero CTA (1,2023-02-16) | Info Shim (2,2024-05-03) | More Information (1,2024-05-03) | Sidekick CTA (1,2023-09-26) | Streaming Media (1,2024-11-01) | Text Grid (1,2019-10-10)	Banner|Info Shim
arts	57811	link	https://arts.ucalgary.ca/languages-linguistics-literatures-cultures/chinese/home/contact	Chinese Language and Culture Contact	Basic page	Published	1.6	58	200	3	1	39	CHIN - 39	3	1|22|39	ARTS - 1|CHIN - 39|SLLLC - 22	8	2	1	3	4	12	38	Banner|Campus Map|Divider|Hero CTA|More Information|Text|Text Grid	Banner (1,2023-09-26) | Campus Map (1,2020-02-03) | Divider (1,2020-06-10) | Hero CTA (1,2023-02-16) | More Information (1,2022-10-06) | Text (2,2023-09-26) | Text Grid (1,2024-06-03)	Banner|Text Grid
arts	83793	link	https://arts.ucalgary.ca/languages-linguistics-literatures-cultures/german/home/contact	German Contact	Basic page	Published	2.3	117	200	3	1	43	GERM - 43	4	1|22|39|43	ARTS - 1|CHIN - 39|GERM - 43|SLLLC - 22	8	2	1	3	4	12	38	Banner|Campus Map|Divider|Hero CTA|More Information|Text|Text Grid	Banner (1,2023-09-26) | Campus Map (1,2019-10-21) | Divider (1,2020-06-10) | Hero CTA (1,2023-02-16) | More Information (1,2022-10-06) | Text (2,2023-09-26) | Text Grid (1,2021-07-28)	Banner|Text Grid
arts	106397	link	https://arts.ucalgary.ca/languages-linguistics-literatures-cultures/italian/contact	Italian Contact	Basic page	Published	2.3	67	200	2	1	47	ITAL - 47	3	1|22|47	ARTS - 1|ITAL - 47|SLLLC - 22	8	2	1	3	4	12	38	Banner|Campus Map|Divider|Hero CTA|More Information|Text|Text Grid	Banner (1,2023-09-26) | Campus Map (1,2020-02-05) | Divider (1,2020-06-10) | Hero CTA (1,2023-02-16) | More Information (1,2022-10-06) | Text (2,2023-09-26) | Text Grid (1,2020-07-10)	Banner|Text Grid
arts	114102	link	https://arts.ucalgary.ca/philosophy/contact	PHIL Contact	Basic page	Published	0.5	608	200	1	1	33	PHIL - 33	2	1|33	ARTS - 1|PHIL - 33	7	4	1	2	4	14	29	Banner|Hero CTA|More Information|Text Grid	Banner (1,2023-09-26) | Hero CTA (1,2023-02-16) | More Information (3,2025-01-27) | Text Grid (2,2025-07-23)	Banner|More Information|Text Grid
arts	119650	link	https://arts.ucalgary.ca/philosophy/about/alumni	PHIL About Alumni	Basic page	Published	2.3	49	200	2	1	33	PHIL - 33	2	1|33	ARTS - 1|PHIL - 33	6	2	1	3	1	17	50	Hero CTA|More Information|News Feed|Related Content|Text	Hero CTA (1,2023-02-16) | More Information (2,2022-10-06) | News Feed (1,2020-04-02) | Related Content (1,2022-10-06) | Text (1,2023-09-26)	More Information
arts	119804	link	https://arts.ucalgary.ca/languages-linguistics-literatures-cultures/japanese/contact	Japanese Contact	Basic page	Published	1.1	201	200	2	1	49	JPNS - 49	3	1|22|49	ARTS - 1|JPNS - 49|SLLLC - 22	8	2	1	3	4	12	38	Banner|Campus Map|Divider|Hero CTA|More Information|Text|Text Grid	Banner (1,2023-09-26) | Campus Map (1,2020-02-04) | Divider (1,2020-06-10) | Hero CTA (1,2023-02-16) | More Information (1,2022-10-06) | Text (2,2023-09-26) | Text Grid (1,2024-11-21)	Banner|Text Grid
arts	122466	link	https://arts.ucalgary.ca/philosophy/future-students/undergraduate/programs/philosophy	PHIL Future Students Undergraduate Programs BA Philosophy	Basic page	Published	0.6	603	200	4	1	33	PHIL - 33	2	1|33	ARTS - 1|PHIL - 33	6	2	1	4	1	17	67	Banner|Hero CTA|Info Shim|More Information|Sidekick CTA|Text	Banner (1,2023-09-26) | Hero CTA (1,2023-02-16) | Info Shim (1,2023-07-10) | More Information (1,2025-06-25) | Sidekick CTA (1,2023-09-26) | Text (1,2023-09-26)	Banner|Info Shim
arts	125012	link	https://arts.ucalgary.ca/languages-linguistics-literatures-cultures/russian/contact	Russian Contact	Basic page	Published	1.8	76	200	2	1	51	RUSS - 51	4	1|22|49|51	ARTS - 1|JPNS - 49|RUSS - 51|SLLLC - 22	8	2	1	3	4	12	38	Banner|Campus Map|Divider|Hero CTA|More Information|Text|Text Grid	Banner (1,2023-09-26) | Campus Map (1,2019-11-04) | Divider (1,2020-06-10) | Hero CTA (1,2023-02-16) | More Information (1,2022-10-06) | Text (2,2023-09-26) | Text Grid (1,2024-04-05)	Banner|Text Grid
arts	137452	link	https://arts.ucalgary.ca/languages-linguistics-literatures-cultures/spanish/home/contact	Spanish Contact	Basic page	Published	1.6	225	200	3	1	53	SPAN - 53	3	1|22|53	ARTS - 1|SLLLC - 22|SPAN - 53	9	3	1	4	4	11	44	Banner|Campus Map|Divider|Hero CTA|More Information|Text|Text Grid	Banner (2,2023-09-26) | Campus Map (1,2020-02-05) | Divider (1,2020-06-10) | Hero CTA (1,2023-02-16) | More Information (1,2024-06-06) | Text (2,2023-09-26) | Text Grid (1,2022-05-20)	Banner|Text Grid
arts	143435	link	https://arts.ucalgary.ca/anthropology-archaeology/about/DEST591	Community Service Learning Project Application	Basic page	Published	0.6	30	200|301	2	1	20	ANTH - 20	1	20	ANTH - 20	4		1	3	0	25	75	Hero CTA|Text	Hero CTA (1,2025-06-13) | Text (3,2023-09-26)	
arts	157474	link	https://arts.ucalgary.ca/philosophy/future-students/graduate/programs/phd	PHIL Future Students Graduate Programs PhD	Basic page	Published	0.6	555	200	4	1	33	PHIL - 33	1	33	PHIL - 33	8	2	1	7	0	12	88	Banner|Checklist|Hero CTA|Image|Image with Text|More Information|Testimonial	Banner (1,2023-09-26) | Checklist (1,2023-09-26) | Hero CTA (1,2023-02-16) | Image (1,2023-09-26) | Image with Text (1,2023-09-26) | More Information (2,2025-06-25) | Testimonial (1,2023-09-26)	Banner|More Information
arts	157476	link	https://arts.ucalgary.ca/philosophy/future-students/graduate/programs/ma-thesis-based	PHIL Future Students Graduate Programs MA Thesis Based	Basic page	Published	0.6	377	200	4	1	33	PHIL - 33	2	1|33	ARTS - 1|PHIL - 33	13	2	1	11	1	8	85	Divider|Hero CTA|Image|Image with Text|More Information|Testimonial|Text	Divider (2,2019-11-18) | Hero CTA (1,2023-02-16) | Image (1,2023-09-26) | Image with Text (1,2023-09-26) | More Information (3,2025-06-25) | Testimonial (1,2023-09-26) | Text (4,2024-02-13)	More Information
arts	166374	link	https://arts.ucalgary.ca/languages-linguistics-literatures-cultures/news-and-events	SLLLC News and Events	Basic page	Published	2.5	297	200	1	1	22	SLLLC - 22	1	22	SLLLC - 22	3		1	2	0	33	67	Divider|Hero CTA|News Feed	Divider (1,2023-07-10) | Hero CTA (1,2023-02-16) | News Feed (1,2020-04-02)	
arts	177859	link	https://arts.ucalgary.ca/languages-linguistics-literatures-cultures/french-centre	French Centre | Home	Basic page	Published	0.1	1106	200	1	1	54	FRENCH CENTRE - 54	4	1|22|41|54	ARTS - 1|FREN - 41|FRENCH CENTRE - 54|SLLLC - 22	7	5	1	0	6	14	0	Banner|Hero CTA|Image with Text|News Feed|Thumbnail|Trio CTA	Banner (2,2023-09-26) | Hero CTA (1,2023-05-03) | Image with Text (1,2025-12-15) | News Feed (1,2020-04-02) | Thumbnail (1,2024-06-25) | Trio CTA (1,2024-02-09)	Banner|Image with Text|Thumbnail|Trio CTA
arts	190729	link	https://arts.ucalgary.ca/creative-performing-arts/future-students/undergraduate-dance/how-apply/audition-application	SCPA Future Students Dance Auditions	Basic page	Published	2.9	27	200	4	1	26	SCPA - 26	1	26	SCPA - 26	2		1	1	0	50	50	Hero CTA|Webform Inline	Hero CTA (1,2023-02-16) | Webform Inline (1,2019-12-05)	
arts	191691	link	https://arts.ucalgary.ca/languages-linguistics-literatures-cultures/french-centre/activites/voyage-au-quebec/bourse-detudes-au-quebec	FRENCH CENTRE Bourse d‚Äô√©tudes au Qu√©bec	Basic page	Published	0.9	171	200	4	1	54	FRENCH CENTRE - 54	4	1|22|41|54	ARTS - 1|FREN - 41|FRENCH CENTRE - 54|SLLLC - 22	5	1	1	1	3	20	20	Banner|Divider|Hero CTA|More Information|Text	Banner (1,2025-03-03) | Divider (1,2020-02-04) | Hero CTA (1,2023-02-16) | More Information (1,2022-10-06) | Text (1,2025-03-03)	More Information
arts	206410	link	https://arts.ucalgary.ca/philosophy/current-students/graduate/resources/doctoral-candidacy	PHIL Current Students Graduate Doctoral Candidacy	Basic page	Published	1.4	91	200	4	1	33	PHIL - 33	1	33	PHIL - 33	2		1	1	0	50	50	Banner|Hero CTA	Banner (1,2024-08-08) | Hero CTA (1,2023-02-16)	
arts	220906	link	https://arts.ucalgary.ca/language-research-centre/contact	SLLLC Language Research Centre Contact	Basic page	Published	0.5	42	200	1	1	55	LRC - 55	3	1|22|55	ARTS - 1|LRC - 55|SLLLC - 22	5	2	1	2	2	20	40	Banner|Campus Map|Hero CTA|More Information|Text Grid	Banner (1,2023-09-26) | Campus Map (1,2020-01-08) | Hero CTA (1,2023-02-16) | More Information (1,2022-10-06) | Text Grid (1,2025-07-14)	Banner|Text Grid
arts	371450	link	https://arts.ucalgary.ca/psychology/about/alumni	PSYC About Alumni	Basic page	Published	2.3	48	200	2	1	34	PSYC - 34	2	1|34	ARTS - 1|PSYC - 34	5	1	1	3	1	20	60	Hero CTA|More Information|News Feed|Related Content|Text	Hero CTA (1,2023-02-16) | More Information (1,2022-10-06) | News Feed (1,2020-04-02) | Related Content (1,2022-10-06) | Text (1,2023-09-26)	More Information
arts	371590	link	https://arts.ucalgary.ca/node/371590	OLD EDI CONTENT - PSYC About Equity, Diversity and Inclusion	Basic page	Unpublished	1.5	155	403	1	2	34|58	PSYC - 34|Psychology Equity(comma) Diversity and Inclusion	2	34|58	PSYC - 34|Psychology Equity(comma) Diversity and Inclusion	12	2	1	4	6	8	33	Banner|Divider|Hero CTA|News Feed|Text|Text Grid	Banner (3,2023-09-26) | Divider (2,2021-11-16) | Hero CTA (1,2024-07-23) | News Feed (1,2021-05-11) | Text (4,2023-09-26) | Text Grid (1,2023-02-13)	Banner
arts	381386	link	https://arts.ucalgary.ca/psychology-clinic/our-team	Psychology Clinic Our team	Basic page	Published	0.4	905	200	1	1	56	Psychology Clinic	1	56	Psychology Clinic	6	2	1	5	0	17	83	Banner|Divider|Hero CTA|Thumbnail	Banner (1,2023-09-26) | Divider (2,2020-01-21) | Hero CTA (1,2023-02-16) | Thumbnail (2,2025-08-20)	Banner|Thumbnail
arts	381442	link	https://arts.ucalgary.ca/psychology-clinic/contacts	Psychology Clinic Contacts	Basic page	Published	0.8	1044	200	1	1	56	Psychology Clinic	1	56	Psychology Clinic	7	2	1	6	0	14	86	Banner|Campus Map|Divider|Hero CTA|More Information|Text|Thumbnail	Banner (1,2025-03-24) | Campus Map (1,2020-04-09) | Divider (1,2020-01-21) | Hero CTA (1,2023-02-16) | More Information (1,2025-03-13) | Text (1,2023-09-26) | Thumbnail (1,2025-01-06)	Banner|Thumbnail
arts	400820	link	https://arts.ucalgary.ca/psychology/future-students/undergraduate/programs/bachelor-arts-psychology	PSYCH Future Students Undergraduate Programs BA in Psychology	Basic page	Published	1.7	3377	200	4	1	34	PSYC - 34	2	1|34	ARTS - 1|PSYC - 34	11	7	1	9	1	9	82	Divider|Hero CTA|Image|Info Shim|More Information|Sidekick CTA|Text	Divider (1,2020-02-10) | Hero CTA (1,2023-02-16) | Image (1,2023-09-26) | Info Shim (2,2023-07-10) | More Information (3,2024-04-15) | Sidekick CTA (2,2024-04-15) | Text (1,2023-09-26)	Image|Info Shim|More Information|Sidekick CTA|Text
arts	400830	link	https://arts.ucalgary.ca/psychology/future-students/undergraduate/programs/bachelor-science-psychology	PSYC Future Students Undergraduate Programs BSc in Psychology	Basic page	Published	1.7	1959	200	4	1	34	PSYC - 34	2	1|34	ARTS - 1|PSYC - 34	11	7	1	9	1	9	82	Divider|Hero CTA|Image|Info Shim|More Information|Sidekick CTA|Text	Divider (1,2020-01-29) | Hero CTA (1,2023-02-16) | Image (1,2023-09-26) | Info Shim (2,2023-07-10) | More Information (3,2024-04-15) | Sidekick CTA (2,2024-04-15) | Text (1,2023-09-26)	Image|Info Shim|More Information|Sidekick CTA|Text
arts	404296	link	https://arts.ucalgary.ca/psychology/future-students/graduate/programs/clinical-psychology	PSYC Future Students Graduate Programs Clinical Psychology	Basic page	Published	1.7	9615	200	4	1	34	PSYC - 34	3	34|56|58	PSYC - 34|Psychology Clinic|Psychology Equity(comma) Diversity and Inclusion	10	3	1	6	3	10	60	Hero CTA|Image with Text|Info Shim|More Information|Text Grid	Hero CTA (1,2023-02-16) | Image with Text (2,2023-09-26) | Info Shim (3,2022-10-27) | More Information (3,2024-04-15) | Text Grid (1,2023-07-10)	Info Shim|More Information
arts	404322	link	https://arts.ucalgary.ca/psychology/future-students/graduate/programs/psychology	PSYC Future Students Graduate Programs Psychology	Basic page	Published	1.7	11000	200	4	1	34	PSYC - 34	1	34	PSYC - 34	8	3	1	7	0	12	88	Hero CTA|Image with Text|Info Shim|More Information|Text Grid|Trio CTA	Hero CTA (1,2023-02-16) | Image with Text (2,2023-09-26) | Info Shim (1,2020-02-03) | More Information (2,2024-04-15) | Text Grid (1,2023-11-07) | Trio CTA (1,2020-03-17)	Info Shim|More Information|Trio CTA
arts	404456	link	https://arts.ucalgary.ca/psychology/future-students/graduate/phd-candidacy-policies	PSYC Current Students Graduate PhD Candidacy Policies	Basic page	Published	1	168	200	3	1	34	PSYC - 34	1	34	PSYC - 34	20	1	1	19	0	5	95	Banner|Divider|Hero CTA|Text|Text Grid	Banner (3,2024-04-15) | Divider (4,2020-02-12) | Hero CTA (1,2023-02-16) | Text (11,2024-04-15) | Text Grid (1,2025-01-24)	Text
arts	726479	link	https://arts.ucalgary.ca/psychology/future-students/undergraduate/programs/combined-degree-community-rehabilitation	PSYC Future Students Undergraduate Programs Combined Degree with Community Rehabilitation	Basic page	Published	1.7	515	200	4	1	34	PSYC - 34	2	1|34	ARTS - 1|PSYC - 34	10	5	1	8	1	10	80	Divider|Hero CTA|Image|Info Shim|More Information|Sidekick CTA|Text	Divider (1,2020-02-10) | Hero CTA (1,2023-02-16) | Image (1,2023-09-26) | Info Shim (1,2023-07-10) | More Information (3,2024-04-15) | Sidekick CTA (2,2024-04-15) | Text (1,2023-09-26)	Image|Info Shim|More Information|Sidekick CTA
arts	964319	link	https://arts.ucalgary.ca/psychology/current-students/undergraduate/honours-program	PSYC Current Undergraduate Students Honours Program	Basic page	Published	0.3	4034	200	3	1	34	PSYC - 34	3	34|56|58	PSYC - 34|Psychology Clinic|Psychology Equity(comma) Diversity and Inclusion	15	2	1	13	1	7	87	Accordion|Banner|Divider|Hero CTA|Image|Info Shim|More Information|Sidekick CTA|Text|Text Grid	Accordion (1,2022-09-16) | Banner (1,2025-10-08) | Divider (1,2023-07-10) | Hero CTA (1,2023-02-16) | Image (1,2023-09-26) | Info Shim (1,2020-10-16) | More Information (3,2025-09-24) | Sidekick CTA (1,2023-09-26) | Text (3,2025-10-08) | Text Grid (2,2025-10-08)	More Information|Text Grid
arts	1129251	link	https://arts.ucalgary.ca/psychology/current-students/undergraduate/student-clubs	PSYC Current undergraduate Student clubs	Basic page	Published	1.6	313	200	3	1	34	PSYC - 34	2	1|34	ARTS - 1|PSYC - 34	5	1	1	3	1	20	60	Hero CTA|Info Shim|More Information|Sidekick CTA	Hero CTA (1,2023-02-16) | Info Shim (1,2020-03-12) | More Information (2,2024-06-25) | Sidekick CTA (1,2023-09-26)	More Information
arts	1455384	link	https://arts.ucalgary.ca/history/future-students/undergraduate/programs/history	HIST Future Undergraduate Programs History	Basic page	Published	1.7	159	200	4	1	29	HIST - 29	2	1|29	ARTS - 1|HIST - 29	6	3	1	4	1	17	67	Banner|Hero CTA|Info Shim|More Information|Sidekick CTA	Banner (1,2023-09-26) | Hero CTA (1,2023-02-16) | Info Shim (1,2023-07-10) | More Information (1,2024-04-19) | Sidekick CTA (2,2023-09-26)	Banner|Info Shim|Sidekick CTA
arts	1455405	link	https://arts.ucalgary.ca/psychology/current-students/undergraduate/current-undergraduate-students-psychology	PSYC Current Undergraduate Students Exam Review and Makeup Exams	Basic page	Published	0.3	550	200	3	1	34	PSYC - 34	1	34	PSYC - 34	3		1	2	0	33	67	Hero CTA|Text	Hero CTA (1,2023-02-16) | Text (2,2025-10-06)	
arts	1455409	link	https://arts.ucalgary.ca/history/future-students/graduate/phd-candidacy-requirements	HIST Future Students Ph.D. Candidacy Requirements	Basic page	Published	0.7	161	200	3	1	29	HIST - 29	1	29	HIST - 29	18		1	17	0	6	94	Accordion (Minimal)|Banner|Checklist|Hero CTA|Image|Sidekick CTA|Text|Text Grid	Accordion (Minimal) (4,2024-04-19) | Banner (3,2025-05-05) | Checklist (1,2023-09-26) | Hero CTA (1,2023-02-16) | Image (1,2023-09-26) | Sidekick CTA (1,2023-09-26) | Text (2,2023-09-26) | Text Grid (5,2021-08-12)	
arts	1455415	link	https://arts.ucalgary.ca/history/current-students/graduate/hist-current-students-graduate-history-graduate-students-union	HIST Current Students Graduate History Graduate Students Union	Basic page	Published	2.3	141	200	3	1	29	HIST - 29	1	29	HIST - 29	6		1	5	0	17	83	Banner|Hero CTA|More Information|Text|Text Grid	Banner (1,2023-09-26) | Hero CTA (1,2023-02-16) | More Information (1,2023-08-25) | Text (2,2023-09-26) | Text Grid (1,2023-08-25)	
arts	1455420	link	https://arts.ucalgary.ca/history/about/alumni/hist-about-graduate-alumni	HIST About Graduate Alumni	Basic page	Published	2.3	90	200	3	1	29	HIST - 29	1	29	HIST - 29	9	1	1	8	0	11	89	Banner|Hero CTA|Text Grid	Banner (2,2023-09-26) | Hero CTA (1,2023-02-16) | Text Grid (6,2020-09-22)	Banner
arts	1455428	link	https://arts.ucalgary.ca/graduate-student-handbook	DRAFT HIST Graduate Student Handbook	Basic page	Unpublished	0.6		403	0	1	29	HIST - 29	1	29	HIST - 29	39	2	1	38	0	3	97	Banner|Divider|Hero CTA|More Information|Schedule|Sidekick CTA|Text|Text Grid	Banner (2,2023-09-26) | Divider (11,2023-07-10) | Hero CTA (1,2023-02-16) | More Information (2,2025-06-24) | Schedule (1,2023-09-26) | Sidekick CTA (1,2023-09-26) | Text (17,2023-09-26) | Text Grid (4,2020-07-03)	More Information
arts	1455430	link	https://arts.ucalgary.ca/history/current-students/graduate/hist-current-graduate-ma-program-schedule	HIST Current Graduate MA program schedule	Basic page	Published	1.7	7	200	3	1	29	HIST - 29	1	29	HIST - 29	6		1	5	0	17	83	Banner|Hero CTA|Text Grid	Banner (2,2023-09-26) | Hero CTA (1,2023-02-16) | Text Grid (3,2024-04-19)	
arts	1455432	link	https://arts.ucalgary.ca/history/current-students/graduate/hist-current-graduate-phd-program-schedule	HIST Current Graduate PhD program schedule	Basic page	Published	2.3	30	200	3	1	29	HIST - 29	1	29	HIST - 29	6		1	5	0	17	83	Banner|Hero CTA|Text Grid	Banner (1,2023-09-26) | Hero CTA (1,2023-02-16) | Text Grid (4,2023-07-10)	
arts	1455436	link	https://arts.ucalgary.ca/languages-linguistics-literatures-cultures/italian/programs-and-resources	ITAL Programs and Resources	Basic page	Published	2.3	6	200	2	1	47	ITAL - 47	2	22|47	ITAL - 47|SLLLC - 22	4		1	0	3	25	0	Divider|Hero CTA|Image with Text	Divider (1,2020-06-18) | Hero CTA (1,2023-02-16) | Image with Text (2,2023-09-26)	
arts	1455442	link	https://arts.ucalgary.ca/languages-linguistics-literatures-cultures/italian/programs-and-resources/resources	ITAL Resources	Basic page	Published	0.6	135	200	3	1	47	ITAL - 47	5	1|2|22|47|49	ARTS - 1|CLARE - 2|ITAL - 47|JPNS - 49|SLLLC - 22	10	3	1	2	7	10	20	Banner|Divider|Hero CTA|Image|More Information|Text|Text Grid	Banner (3,2023-09-26) | Divider (1,2020-06-11) | Hero CTA (1,2023-02-16) | Image (1,2023-09-26) | More Information (1,2025-06-20) | Text (2,2023-09-26) | Text Grid (1,2022-03-23)	More Information|Text|Text Grid
arts	1455448	link	https://arts.ucalgary.ca/languages-linguistics-literatures-cultures/future-students/graduate/contacts	SLLLC Future Graduate program contacts	Basic page	Published	0.5	43	200	3	1	22	SLLLC - 22	2	22|60	LING - 22|SLLLC - 22	4	2	1	2	1	25	50	Hero CTA|Info Shim|Text Grid	Hero CTA (1,2023-02-16) | Info Shim (1,2023-07-10) | Text Grid (2,2025-06-30)	Text Grid
arts	1455450	link	https://arts.ucalgary.ca/languages-linguistics-literatures-cultures/chinese/home/assessment-and-placement/chinese-proficiency-testing	Chinese Proficiency Testing	Basic page	Published	1.7	837	200	4	1	39	CHIN - 39	13	22|37|39|41|43|45|47|49|51|53|54|55|60	ALMC - 37|CHIN - 39|FREN - 41|FRENCH CENTRE - 54|GERM - 43|INDL - 45|ITAL - 47|JPNS - 49|LING - 22|LRC - 55|RUSS - 51|SLLLC - 22|SPAN - 53	6		1	4	1	17	67	Banner|Hero CTA|Text	Banner (1,2023-09-26) | Hero CTA (1,2023-02-16) | Text (4,2024-04-26)	
arts	1455452	link	https://arts.ucalgary.ca/languages-linguistics-literatures-cultures/chinese/home/community/calgary-chinese-language-and-culture-resources	Calgary Chinese Language and Culture Resources	Basic page	Published	2.5	227	200	4	1	39	CHIN - 39	2	22|39	CHIN - 39|SLLLC - 22	6	1	1	4	1	17	67	Accordion|Divider|Hero CTA|More Information|Text Grid	Accordion (1,2020-06-15) | Divider (2,2020-06-15) | Hero CTA (1,2023-02-16) | More Information (1,2023-07-10) | Text Grid (1,2020-06-15)	More Information
arts	1455454	link	https://arts.ucalgary.ca/sociology/contact	SOCI Contact	Basic page	Published	0.3	967	200	1	1	35	SOCI - 35	2	1|35	ARTS - 1|SOCI - 35	7	4	1	4	2	14	57	Banner|Hero CTA|More Information|Text Grid	Banner (1,2023-09-26) | Hero CTA (1,2023-02-16) | More Information (3,2025-01-22) | Text Grid (2,2025-10-09)	Banner|More Information|Text Grid
arts	1455476	link	https://arts.ucalgary.ca/sociology/research/ethics-approval	SOCI Ethics Approval	Basic page	Published	2.3	19	200	2	1	35	SOCI - 35	1	35	SOCI - 35	3		1	2	0	33	67	Divider|Hero CTA|Text	Divider (1,2023-07-10) | Hero CTA (1,2023-02-16) | Text (1,2023-09-26)	
arts	1455492	link	https://arts.ucalgary.ca/sociology/current-students/graduate/sociology-graduate-students-caucus	SOCI Current Graduate Sociology Graduate Students Caucus	Basic page	Published	2.3	55	200	3	1	35	SOCI - 35	2	25|35	CMSS - 25|SOCI - 35	4		1	2	1	25	50	Banner|Divider|Hero CTA	Banner (2,2023-09-26) | Divider (1,2020-07-30) | Hero CTA (1,2023-02-16)	
arts	1455506	link	https://arts.ucalgary.ca/sociology/future-students/graduate/phd-candidacy-policies	SOCI Future Graduate PhD Program Requirements	Basic page	Published	0.3	103	200	3	1	35	SOCI - 35	1	35	SOCI - 35	11	1	1	10	0	9	91	Banner|Checklist|Divider|Hero CTA|Text Grid	Banner (1,2023-09-26) | Checklist (1,2023-09-26) | Divider (1,2020-06-22) | Hero CTA (1,2023-02-16) | Text Grid (7,2025-09-15)	Text Grid
arts	1455512	link	https://arts.ucalgary.ca/sociology/future-students/undergraduate/programs/law-and-society	SOCI Future Undergraduate Law and Society	Basic page	Published	1.7	894	200	4	1	35	SOCI - 35	1	35	SOCI - 35	5	1	1	4	0	20	80	Banner|Hero CTA|Info Shim|More Information|Sidekick CTA	Banner (1,2023-09-26) | Hero CTA (1,2023-02-16) | Info Shim (1,2023-07-10) | More Information (1,2024-04-15) | Sidekick CTA (1,2023-09-26)	Banner
arts	1455514	link	https://arts.ucalgary.ca/sociology/future-students/undergraduate/programs/sociology	SOCI Future Undergraduate Sociology	Basic page	Published	1.7	1476	200	4	1	35	SOCI - 35	2	1|35	ARTS - 1|SOCI - 35	6	2	1	4	1	17	67	Banner|Hero CTA|Info Shim|More Information|Sidekick CTA	Banner (1,2023-09-26) | Hero CTA (1,2023-02-16) | Info Shim (1,2023-07-10) | More Information (2,2024-04-15) | Sidekick CTA (1,2023-09-26)	Banner|Info Shim
arts	1455520	link	https://arts.ucalgary.ca/sociology/current-students/undergraduate/career-advice	SOCI Current Undergraduate Career Advice	Basic page	Published	2.3	437	200	3	1	35	SOCI - 35	1	35	SOCI - 35	6	1	1	5	0	17	83	Banner|Divider|Hero CTA|Text Grid	Banner (2,2023-09-26) | Divider (1,2020-06-22) | Hero CTA (1,2023-02-16) | Text Grid (2,2023-07-10)	Text Grid
arts	1455524	link	https://arts.ucalgary.ca/sociology/news	SOCI News	Basic page	Published	1	441	200	1	1	35	SOCI - 35	1	35	SOCI - 35	5		1	4	0	20	80	Banner|Divider|Hero CTA|News Feed	Banner (1,2023-09-26) | Divider (1,2020-06-29) | Hero CTA (1,2023-02-16) | News Feed (2,2025-01-20)	
arts	1455530	link	https://arts.ucalgary.ca/sociology/news/publications	SOCI Publications	Basic page	Published	1.6	110	302	2	1	35	SOCI - 35	1	35	SOCI - 35	2		1	1	0	50	50	Hero CTA|News Feed	Hero CTA (1,2023-02-16) | News Feed (1,2024-06-12)	
arts	1455542	link	https://arts.ucalgary.ca/languages-linguistics-literatures-cultures/current-students/undergraduate/linguistics	SLLLC Current students undergraduate Linguistics resources	Basic page	Published	0.3	495	200	3	2	22|60	LING - 22|SLLLC - 22	4	1|2|22|60	ARTS - 1|CLARE - 2|LING - 22|SLLLC - 22	18	6	1	3	14	6	17	Accordion (Minimal)|Banner|Divider|Hero CTA|Info Shim|More Information|News Feed|Text|Text Grid	Accordion (Minimal) (1,2024-04-23) | Banner (4,2023-09-26) | Divider (2,2023-07-10) | Hero CTA (1,2023-02-16) | Info Shim (1,2024-04-23) | More Information (3,2025-10-01) | News Feed (1,2024-06-06) | Text (4,2025-09-25) | Text Grid (1,2023-06-06)	Banner|More Information|Text|Text Grid
arts	1455544	link	https://arts.ucalgary.ca/languages-linguistics-literatures-cultures/french-centre/repsit/french-centre-repsit-civilization	French Centre REPSIT Civilization	Basic page	Published	0.5	45	200	3	1	54	FRENCH CENTRE - 54	1	54	FRENCH CENTRE - 54	7		1	6	0	14	86	Accordion|Divider|Hero CTA	Accordion (3,2025-07-17) | Divider (3,2023-07-10) | Hero CTA (1,2023-02-16)	
arts	1455546	link	https://arts.ucalgary.ca/languages-linguistics-literatures-cultures/french-centre/repsit/french-centre-repsit-dictionnaires	French Centre REPSIT Dictionnaires	Basic page	Published	0.5	46	200	3	1	54	FRENCH CENTRE - 54	1	54	FRENCH CENTRE - 54	3		1	2	0	33	67	Accordion|Divider|Hero CTA	Accordion (1,2025-07-18) | Divider (1,2020-06-17) | Hero CTA (1,2023-02-16)	
arts	1455548	link	https://arts.ucalgary.ca/languages-linguistics-literatures-cultures/french-centre/repsit/french-centre-repsit-exercices-de-langue-grammarie	French Centre REPSIT Exercices de langue Grammarie	Basic page	Published	0.4	754	200	3	1	54	FRENCH CENTRE - 54	1	54	FRENCH CENTRE - 54	12		1	11	0	8	92	Accordion|Divider|Hero CTA	Accordion (10,2025-08-11) | Divider (1,2020-06-17) | Hero CTA (1,2023-02-16)	
arts	1455550	link	https://arts.ucalgary.ca/languages-linguistics-literatures-cultures/french-centre/repsit/french-centre-repsit-exercisces-de-langue-vocabulaire	French Centre REPSIT Exercisces de Langue Vocabulaire	Basic page	Published	2.9	153	200	3	1	54	FRENCH CENTRE - 54	1	54	FRENCH CENTRE - 54	3		1	2	0	33	67	Accordion|Divider|Hero CTA	Accordion (1,2020-06-18) | Divider (1,2020-06-18) | Hero CTA (1,2023-02-16)	
arts	1455552	link	https://arts.ucalgary.ca/languages-linguistics-literatures-cultures/french-centre/repsit/comprehension-culture-phonetique	French Centre REPSIT Exercices de langue Compr√©hension, culture, phon√©tique	Basic page	Published	2.9	261	200	3	1	54	FRENCH CENTRE - 54	1	54	FRENCH CENTRE - 54	2		1	1	0	50	50	Accordion|Hero CTA	Accordion (1,2020-06-26) | Hero CTA (1,2023-02-16)	
arts	1455554	link	https://arts.ucalgary.ca/languages-linguistics-literatures-cultures/french-centre/repsit/delf-dalf	French Centre REPSIT DELF-DALF	Basic page	Published	0.4	3755	200	3	1	54	FRENCH CENTRE - 54	1	54	FRENCH CENTRE - 54	5		1	4	0	20	80	Accordion|Divider|Hero CTA	Accordion (3,2025-08-06) | Divider (1,2020-06-18) | Hero CTA (1,2023-02-16)	
arts	1455556	link	https://arts.ucalgary.ca/languages-linguistics-literatures-cultures/french-centre/repsit/french-centre-repsit-rhetorique	French Centre REPSIT Rhetorique	Basic page	Published	0.4	14	200	3	1	54	FRENCH CENTRE - 54	1	54	FRENCH CENTRE - 54	3		1	2	0	33	67	Accordion|Divider|Hero CTA	Accordion (1,2025-08-06) | Divider (1,2020-06-18) | Hero CTA (1,2023-02-16)	
arts	1455558	link	https://arts.ucalgary.ca/languages-linguistics-literatures-cultures/french-centre/repsit/french-centre-repsit-journaux-et-medias	French Centre REPSIT Journaux et m√©dias	Basic page	Published	0.5	63	200	3	1	54	FRENCH CENTRE - 54	1	54	FRENCH CENTRE - 54	3		1	2	0	33	67	Accordion|Divider|Hero CTA	Accordion (1,2025-07-21) | Divider (1,2020-06-18) | Hero CTA (1,2023-02-16)	
arts	1455560	link	https://arts.ucalgary.ca/languages-linguistics-literatures-cultures/french-centre/repsit/librairies-bibliotheques-et-maisons-dedition	French Centre REPSIT Librairies, biblioth√®ques et maisons d'√©dition	Basic page	Published	0.5	24	200	3	1	54	FRENCH CENTRE - 54	1	54	FRENCH CENTRE - 54	3		1	2	0	33	67	Accordion|Divider|Hero CTA	Accordion (1,2025-07-22) | Divider (1,2020-06-18) | Hero CTA (1,2023-02-16)	
arts	1455562	link	https://arts.ucalgary.ca/languages-linguistics-literatures-cultures/french-centre/repsit/linguistique	French Centre REPSIT Linguistique	Basic page	Published	2.9	36	200	3	1	54	FRENCH CENTRE - 54	1	54	FRENCH CENTRE - 54	3		1	2	0	33	67	Accordion|Divider|Hero CTA	Accordion (1,2020-06-18) | Divider (1,2020-06-18) | Hero CTA (1,2023-02-16)	
arts	1455564	link	https://arts.ucalgary.ca/languages-linguistics-literatures-cultures/french-centre/repsit/french-centre-repsit-litterature	French Centre REPSIT Litt√©rature	Basic page	Published	0.4	60	200	3	1	54	FRENCH CENTRE - 54	1	54	FRENCH CENTRE - 54	7		1	6	0	14	86	Accordion|Divider|Hero CTA	Accordion (5,2025-08-06) | Divider (1,2020-06-18) | Hero CTA (1,2023-02-16)	
arts	1455566	link	https://arts.ucalgary.ca/languages-linguistics-literatures-cultures/french-centre/repsit/litterature-jeunesse	French Centre REPSIT Litt√©rature jeunesse	Basic page	Published	0.4	30	200	3	1	54	FRENCH CENTRE - 54	1	54	FRENCH CENTRE - 54	3		1	2	0	33	67	Accordion|Divider|Hero CTA	Accordion (1,2025-08-11) | Divider (1,2020-06-18) | Hero CTA (1,2023-02-16)	
arts	1455570	link	https://arts.ucalgary.ca/languages-linguistics-literatures-cultures/french-centre/repsit/musique	French Centre REPSIT Musique	Basic page	Published	0.5	16	200	3	1	54	FRENCH CENTRE - 54	1	54	FRENCH CENTRE - 54	3		1	2	0	33	67	Accordion|Divider|Hero CTA	Accordion (1,2025-07-31) | Divider (1,2020-06-18) | Hero CTA (1,2023-02-16)	
arts	1455572	link	https://arts.ucalgary.ca/languages-linguistics-literatures-cultures/french-centre/repsit/french-centre-repsit-pedagogie	French Centre REPSIT P√©dagogie	Basic page	Published	0.4	40	200	3	1	54	FRENCH CENTRE - 54	1	54	FRENCH CENTRE - 54	6		1	5	0	17	83	Accordion|Divider|Hero CTA	Accordion (4,2025-08-25) | Divider (1,2020-06-18) | Hero CTA (1,2023-02-16)	
arts	1455573	link	https://arts.ucalgary.ca/sociology/future-students/graduate/recent-graduates/ma-graduates	SOCI Future Graduate MA Graduates	Basic page	Published	1.1	156	200	4	1	35	SOCI - 35	1	35	SOCI - 35	19		1	18	0	5	95	Hero CTA|Text Grid	Hero CTA (1,2023-02-16) | Text Grid (18,2024-11-20)	
arts	1455574	link	https://arts.ucalgary.ca/sociology/future-students/graduate/recent-graduates/phd-graduates	SOCI Future Graduate PhD Graduates	Basic page	Published	1.1	184	200	4	1	35	SOCI - 35	1	35	SOCI - 35	19		1	18	0	5	95	Hero CTA|Text Grid	Hero CTA (1,2023-02-16) | Text Grid (18,2024-11-20)	
arts	1455576	link	https://arts.ucalgary.ca/sociology/future-students/graduate/recent-graduates/past-postdoc-placements	SOCI Future Graduate Past Postdoc Placements	Basic page	Published	2.3	13	200	4	1	35	SOCI - 35	1	35	SOCI - 35	4		1	3	0	25	75	Banner|Hero CTA|Text Grid	Banner (1,2023-09-26) | Hero CTA (1,2023-02-16) | Text Grid (2,2020-08-28)	
arts	1455582	link	https://arts.ucalgary.ca/sociology/current-students/graduate/funding/departmental-scholarships-and-awards	SOCI Departmental Scholarships and Awards	Basic page	Published	2.3	160	200	4	1	35	SOCI - 35	1	35	SOCI - 35	19		1	18	0	5	95	Accordion|Banner|Divider|Hero CTA|Text|Text Grid	Accordion (1,2020-08-26) | Banner (4,2023-09-26) | Divider (5,2023-07-10) | Hero CTA (1,2023-02-16) | Text (7,2023-09-26) | Text Grid (1,2023-07-10)	
arts	1455587	link	https://arts.ucalgary.ca/languages-linguistics-literatures-cultures/current-students/undergraduate/student-clubs	SLLLC Current students undergraduate Student clubs	Basic page	Published	0.3	222	200	3	1	22	SLLLC - 22	7	1|22|39|41|43|51|60	ARTS - 1|CHIN - 39|FREN - 41|GERM - 43|LING - 22|RUSS - 51|SLLLC - 22	9	6	1	1	7	11	11	Hero CTA|More Information|Sidekick CTA	Hero CTA (1,2023-02-16) | More Information (7,2025-10-01) | Sidekick CTA (1,2023-09-26)	More Information
arts	1455588	link	https://arts.ucalgary.ca/languages-linguistics-literatures-cultures/future-students/graduate/how-apply	SLLLC Future Students Graduate How to Apply	Basic page	Published	0.5	348	200	3	2	22|60	LING - 22|SLLLC - 22	3	20|22|60	ANTH - 20|LING - 22|SLLLC - 22	10	2	1	2	7	10	20	Accordion|Banner|Checklist|Divider|Hero CTA|Info Shim|More Information|Text Grid	Accordion (1,2024-09-25) | Banner (2,2023-09-26) | Checklist (1,2023-12-14) | Divider (1,2020-06-29) | Hero CTA (1,2023-02-16) | Info Shim (1,2023-07-10) | More Information (1,2022-10-06) | Text Grid (2,2025-06-30)	Text Grid
arts	1455603	link	https://arts.ucalgary.ca/economics/future-students/graduate/job-placements	ECON Future Graduate Job Placements	Basic page	Published	1.3	601	200	3	1	27	ECON - 27	1	27	ECON - 27	6		1	5	0	17	83	Divider|Hero CTA|Text|Text Grid	Divider (2,2023-07-10) | Hero CTA (1,2023-02-16) | Text (1,2023-09-26) | Text Grid (2,2024-10-03)	
arts	1455605	link	https://arts.ucalgary.ca/economics/future-students/graduate/programs/master-arts-ma	ECON Future Graduate Master of Arts (MA)	Basic page	Published	0.2	493	200	4	1	27	ECON - 27	1	27	ECON - 27	4		1	3	0	25	75	Hero CTA|More Information|Sidekick CTA|Text Grid	Hero CTA (1,2023-02-16) | More Information (1,2022-10-06) | Sidekick CTA (1,2025-10-23) | Text Grid (1,2023-07-10)	
arts	1455607	link	https://arts.ucalgary.ca/economics/future-students/graduate/programs/doctor-philosophy-phd	ECON Future Graduate Doctor of Philosophy (PhD)	Basic page	Published	0.5	864	200	4	1	27	ECON - 27	1	27	ECON - 27	8	3	1	7	0	12	88	Banner|Hero CTA|Image|More Information|Text|Text Grid	Banner (2,2023-09-26) | Hero CTA (1,2023-02-16) | Image (1,2023-09-26) | More Information (2,2025-07-22) | Text (1,2023-09-26) | Text Grid (1,2020-08-19)	Banner|More Information|Text Grid
arts	1455620	link	https://arts.ucalgary.ca/economics/current-students/undergraduate/presentations	ECON Current Undergraduate Presentations	Basic page	Published	2.3	82	200	3	1	27	ECON - 27	1	27	ECON - 27	3		1	2	0	33	67	Hero CTA|News Feed|Text	Hero CTA (1,2023-05-12) | News Feed (1,2022-11-28) | Text (1,2023-09-26)	
arts	1455640	link	https://arts.ucalgary.ca/economics/contact	ECON Contact	Basic page	Published	0.5	956	200	1	1	27	ECON - 27	2	1|27	ARTS - 1|ECON - 27	7	4	1	4	2	14	57	Banner|Hero CTA|More Information|Text Grid	Banner (1,2023-09-26) | Hero CTA (1,2023-02-16) | More Information (3,2025-01-22) | Text Grid (2,2025-07-18)	Banner|More Information|Text Grid
arts	1455651	link	https://arts.ucalgary.ca/economics/research/research-conferences-workshops/inaugural-alumni-conference	ECON Research Workshops Inaugural Alumni Conference	Basic page	Published	2.3	9	200	3	1	27	ECON - 27	1	27	ECON - 27	5		1	4	0	20	80	Divider|Hero CTA|Text|Text Grid	Divider (1,2023-07-10) | Hero CTA (1,2023-02-16) | Text (2,2023-09-26) | Text Grid (1,2020-07-10)	
arts	1455673	link	https://arts.ucalgary.ca/centre-military-security-strategic-studies/contact	CMSS Contact	Basic page	Published	0.6	521	200	1	1	25	CMSS - 25	2	1|25	ARTS - 1|CMSS - 25	7	3	1	3	3	14	43	Banner|Hero CTA|Info Shim|More Information|Text Grid	Banner (1,2023-09-26) | Hero CTA (1,2023-07-10) | Info Shim (2,2024-06-13) | More Information (2,2025-02-10) | Text Grid (1,2025-06-23)	Banner|Info Shim|More Information
arts	1455689	link	https://arts.ucalgary.ca/centre-military-security-strategic-studies/future-students/fees-and-funding	CMSS Future Students Fees and Funding	Basic page	Published	1.7	475	200	2	1	25	CMSS - 25	2	22|25	CMSS - 25|SLLLC - 22	4	1	1	2	1	25	50	Hero CTA|More Information|Text|Trio CTA	Hero CTA (1,2023-07-10) | More Information (1,2023-07-10) | Text (1,2024-05-06) | Trio CTA (1,2024-04-08)	Trio CTA
arts	1455691	link	https://arts.ucalgary.ca/centre-military-security-strategic-studies/future-students/how-apply	CMSS Future Students How to Apply	Basic page	Published	2.3	46	200	2	1	25	CMSS - 25	1	25	CMSS - 25	6	1	1	5	0	17	83	Banner|Checklist|Hero CTA|More Information|Text Grid	Banner (2,2023-09-26) | Checklist (1,2023-09-26) | Hero CTA (1,2023-02-16) | More Information (1,2022-10-06) | Text Grid (1,2023-07-10)	Banner
arts	1455697	link	https://arts.ucalgary.ca/centre-military-security-strategic-studies/future-students/graduate-programs/master-strategic-studies	CMSS Future Students Master of Strategic Studies	Basic page	Published	0.1	1834	200	3	1	25	CMSS - 25	1	25	CMSS - 25	7		1	6	0	14	86	Hero CTA|Info Shim|More Information|Text|Text Grid	Hero CTA (1,2023-02-16) | Info Shim (1,2023-07-25) | More Information (1,2023-07-25) | Text (1,2025-11-24) | Text Grid (3,2025-11-24)	
arts	1455727	link	https://arts.ucalgary.ca/centre-military-security-strategic-studies/future-students/fees-and-funding/funding-policy	CMSS Future Students Funding Policy	Basic page	Published	1.9	210	200	3	1	25	CMSS - 25	1	25	CMSS - 25	10		1	9	0	10	90	Banner|Hero CTA|More Information|Text|Text Grid	Banner (2,2023-09-26) | Hero CTA (1,2023-02-16) | More Information (1,2024-03-04) | Text (4,2023-09-26) | Text Grid (2,2024-03-04)	
arts	1455760	link	https://arts.ucalgary.ca/calgary-institute-humanities/news-and-publications/newsletter	Newsletter | Calgary Institute for the Humanities | University of Calgary	Basic page	Published	1.4	43	200	2	1	24	CIH - 24	1	24	CIH - 24	11	1	1	10	0	9	91	Hero CTA|Image|Marketo|Text	Hero CTA (1,2023-04-26) | Image (8,2024-08-07) | Marketo (1,2023-06-15) | Text (1,2023-09-26)	Marketo
arts	1455763	link	https://arts.ucalgary.ca/centre-military-security-strategic-studies/future-students/graduate-programs/MSS-Thesis-Requirements	MSS Thesis Requirements	Basic page	Published	0.6	110	200|301	3	1	25	CMSS - 25	45	1|2|3|9|13|14|15|16|17|18|19|20|21|22|23|24|25|26|27|29|30|32|33|34|35|36|37|39|41|43|45|47|49|51|53|54|55|56|57|58|60|62|63|64|65	AGSC - 65|ALMC - 37|ANTH - 20|ART & ART HIST - 36|ARTS - 1|ARTS EDI|ASC - 14|ASHA - 16|CDWP - 23|CHIN - 39|CIH - 24|CLARE - 2|CMF - 21|CMSS - 25|Conference - ICCSLTE|COOP - 15|CRFA|ECON - 27|ENGL - 13|FREN - 41|FRENCH CENTRE - 54|GEOG - 3|Geospatial Information Technology|GERM - 43|HIST - 29|IIS - 30|INDL - 45|IT - 19|ITAL - 47|JPNS - 49|LARC - 32|LING - 22|LRC - 55|PHIL - 33|POLI - 9|PSYC - 34|Psychology Clinic|Psychology Equity(comma) Diversity and Inclusion|RDC - 17|Research - 18|RUSS - 51|SCPA - 26|SLLLC - 22|SOCI - 35|SPAN - 53	4	1	1	2	1	25	50	Banner|Hero CTA|Text|Text Grid	Banner (1,2025-01-08) | Hero CTA (1,2025-06-13) | Text (1,2025-01-08) | Text Grid (1,2025-06-13)	Text
arts	1455765	link	https://arts.ucalgary.ca/history/current-students/graduate/graduate-student-handbook	HIST Graduate Student Handbook	Basic page	Published	0.3	78	200	3	1	29	HIST - 29	1	29	HIST - 29	3		1	2	0	33	67	Banner|Hero CTA|Text	Banner (1,2023-09-26) | Hero CTA (1,2023-02-16) | Text (1,2025-10-10)	
arts	1455769	link	https://arts.ucalgary.ca/history/current-students/undergraduate/student-handbook	HIST Undergraduate Student Handbook	Basic page	Published	0.3	2480	200	3	1	29	HIST - 29	1	29	HIST - 29	3	2	1	2	0	33	67	Banner|Hero CTA|More Information	Banner (1,2025-10-09) | Hero CTA (1,2023-02-16) | More Information (1,2025-01-22)	Banner|More Information
arts	1455772	link	https://arts.ucalgary.ca/history/current-students/undergraduate/honours-application-process	HIST History Honours Application Process	Basic page	Published	1	120	200	3	1	29	HIST - 29	1	29	HIST - 29	4	1	1	3	0	25	75	Banner|Divider|Hero CTA|More Information	Banner (1,2024-11-29) | Divider (1,2023-07-10) | Hero CTA (1,2023-02-16) | More Information (1,2025-01-22)	More Information
arts	1455774	link	https://arts.ucalgary.ca/history/news	HIST News	Basic page	Published	2.3	182	200	1	1	29	HIST - 29	1	29	HIST - 29	6		1	5	0	17	83	Banner|Divider|Hero CTA|News Feed	Banner (1,2023-09-26) | Divider (1,2023-07-10) | Hero CTA (1,2023-02-16) | News Feed (3,2020-08-10)	
arts	1455776	link	https://arts.ucalgary.ca/centre-military-security-strategic-studies/research/publications/documents-canadian-arctic-sovereignty-and-security	CMSS Research Publications Documents on Canadian Arctic Sovereignty and Security	Basic page	Published	1.8	463	200	3	1	25	CMSS - 25	1	25	CMSS - 25	7		1	6	0	14	86	Banner|Divider|Hero CTA|Text|Thumbnail	Banner (1,2023-09-26) | Divider (1,2023-07-10) | Hero CTA (1,2023-02-16) | Text (3,2024-03-27) | Thumbnail (1,2024-02-29)	
arts	1455778	link	https://arts.ucalgary.ca/centre-military-security-strategic-studies/research/publications/journal-military-and-strategic-studies	CMSS Research Publications Journal for Military and Strategic Studies	Basic page	Published	0.8	520	200	3	1	25	CMSS - 25	1	25	CMSS - 25	6		1	5	0	17	83	Banner|Divider|Hero CTA|Text|Trio CTA	Banner (1,2023-09-26) | Divider (1,2023-07-10) | Hero CTA (1,2023-02-16) | Text (2,2025-03-27) | Trio CTA (1,2025-03-27)	
arts	1455824	link	https://arts.ucalgary.ca/art-art-history/about/facilities/studio-workshop-and-technical-resources/sculpture	ART About Facilities Studio Workshop Technical Sculpture	Basic page	Published	2.3	116	200	4	1	36	ART & ART HIST - 36	1	36	ART & ART HIST - 36	4	1	1	3	0	25	75	Hero CTA|Info Shim|Panorama|Text	Hero CTA (1,2023-02-16) | Info Shim (1,2023-07-10) | Panorama (1,2020-09-18) | Text (1,2023-09-26)	Info Shim
arts	1455826	link	https://arts.ucalgary.ca/art-art-history/about/facilities/studio-workshop-and-technical-resources/wood-and-metal-workshops	ART About Facilities Studio Workshop Technical Wood and metal workshops	Basic page	Published	2.3	907	200	4	1	36	ART & ART HIST - 36	1	36	ART & ART HIST - 36	7	1	1	6	0	14	86	Hero CTA|Info Shim|Panorama|Text	Hero CTA (1,2023-02-16) | Info Shim (1,2023-07-10) | Panorama (1,2020-09-18) | Text (4,2023-09-26)	Info Shim
arts	1455828	link	https://arts.ucalgary.ca/art-art-history/about/facilities/studio-workshop-and-technical-resources/animation-studio	ART About Facilities Studio Workshop Technical Animation studio	Basic page	Published	2.5	238	200	4	1	36	ART & ART HIST - 36	1	36	ART & ART HIST - 36	3	1	1	2	0	33	67	Hero CTA|Info Shim|Panorama	Hero CTA (1,2023-02-16) | Info Shim (1,2023-07-10) | Panorama (1,2020-09-18)	Info Shim
arts	1455830	link	https://arts.ucalgary.ca/art-art-history/about/facilities/studio-workshop-and-technical-resources/litho-studio	ART About Facilities Studio Workshop Technical Litho studio	Basic page	Published	2.5	22	200	4	1	36	ART & ART HIST - 36	1	36	ART & ART HIST - 36	3	1	1	2	0	33	67	Hero CTA|Info Shim|Panorama	Hero CTA (1,2023-02-16) | Info Shim (1,2023-07-10) | Panorama (1,2020-09-18)	Info Shim
arts	1455832	link	https://arts.ucalgary.ca/art-art-history/about/facilities/studio-workshop-and-technical-resources/etching-studio	ART About Facilities Studio Workshop Technical Etching studio	Basic page	Published	2.5	17	200	4	1	36	ART & ART HIST - 36	1	36	ART & ART HIST - 36	3	1	1	2	0	33	67	Hero CTA|Info Shim|Panorama	Hero CTA (1,2023-02-16) | Info Shim (1,2023-07-10) | Panorama (1,2020-09-18)	Info Shim
arts	1455833	link	https://arts.ucalgary.ca/art-art-history/about/facilities/studio-workshop-and-technical-resources/photography-studio	ART About Facilities Studio Workshop Technical Photography studio	Basic page	Published	2.5	246	200	4	1	36	ART & ART HIST - 36	1	36	ART & ART HIST - 36	3	1	1	2	0	33	67	Hero CTA|Info Shim|Panorama	Hero CTA (1,2023-02-16) | Info Shim (1,2023-07-10) | Panorama (1,2021-02-08)	Info Shim
arts	1455851	link	https://arts.ucalgary.ca/international-indigenous-studies/contact	IIS Contact	Basic page	Published	2.3	163	200	1	1	30	IIS - 30	2	1|30	ARTS - 1|IIS - 30	4	1	1	2	1	25	50	Banner|Hero CTA|More Information|Text Grid	Banner (1,2023-09-26) | Hero CTA (1,2023-02-16) | More Information (1,2023-07-10) | Text Grid (1,2023-04-26)	Banner
arts	1455861	link	https://arts.ucalgary.ca/international-indigenous-studies/current-students/courses	IIS Current Students Courses	Basic page	Published	1.6	174	200	2	1	30	IIS - 30	1	30	IIS - 30	4		1	3	0	25	75	Divider|Hero CTA|Image with Text|Info Shim	Divider (1,2020-10-06) | Hero CTA (1,2023-02-16) | Image with Text (1,2024-06-10) | Info Shim (1,2021-12-01)	
arts	1455885	link	https://arts.ucalgary.ca/international-indigenous-studies/contact/indigenous-supports-campus	IIS Contact Indigenous Supports on Campus	Basic page	Published	2.5	18	200	2	1	30	IIS - 30	1	30	IIS - 30	2		1	1	0	50	50	Hero CTA|Text Grid	Hero CTA (1,2023-02-16) | Text Grid (1,2023-07-10)	
arts	1455887	link	https://arts.ucalgary.ca/international-indigenous-studies/contact/indigenous-supports-campus-0	IIS Contact Indigenous Supports off Campus	Basic page	Published	2.5	24	200	2	1	30	IIS - 30	1	30	IIS - 30	2		1	1	0	50	50	Hero CTA|Text Grid	Hero CTA (1,2023-02-16) | Text Grid (1,2023-07-10)	
arts	1455926	link	https://arts.ucalgary.ca/centre-military-security-strategic-studies/future-students/faqs	CMSS Current Students FAQs	Basic page	Published	2.5	81	200	2	1	25	CMSS - 25	1	25	CMSS - 25	3		1	2	0	33	67	Accordion|Divider|Hero CTA	Accordion (1,2022-02-18) | Divider (1,2023-07-10) | Hero CTA (1,2023-02-16)	
arts	1455938	link	https://arts.ucalgary.ca/creative-performing-arts/news-and-events/school-events/2020-21-online-performances	Online Events	Basic page	Published	2.3	9	200	3	1	26	SCPA - 26	1	26	SCPA - 26	24		1	23	0	4	96	Divider|Hero CTA|Image|Text	Divider (2,2020-10-19) | Hero CTA (1,2023-02-16) | Image (9,2023-09-26) | Text (12,2023-09-26)	
arts	1455942	link	https://arts.ucalgary.ca/calgary-institute-humanities/working-groups-and-research/interdisciplinary-working-groups/cih-working-groups-and-research-working-groups-2019-20-archives	CIH | Working Groups and Research | Working Groups | 2019-20 Archives	Basic page	Published	2.3	11	200	3	1	24	CIH - 24	1	24	CIH - 24	2		1	1	0	50	50	Hero CTA|Text	Hero CTA (1,2023-02-16) | Text (1,2023-09-26)	
arts	1455944	link	https://arts.ucalgary.ca/calgary-institute-humanities/contact	Contact | Calgary Institute for the Humanities | University of Calgary	Basic page	Published	0.7	331	200	1	1	24	CIH - 24	2	1|24	ARTS - 1|CIH - 24	4	2	1	2	1	25	50	Banner|Hero CTA|More Information|Trio CTA	Banner (1,2023-09-26) | Hero CTA (1,2023-05-19) | More Information (1,2023-02-13) | Trio CTA (1,2025-04-25)	Banner|Trio CTA
arts	1455961	link	https://arts.ucalgary.ca/political-science/current-students/undergraduate/political-science-program-requirements/ba-honours-political-science	BA Honours in Political Science	Basic page	Published	0.6	518	200	4	1	9	POLI - 9	1	9	POLI - 9	2		1	1	0	50	50	Hero CTA|Text	Hero CTA (1,2025-06-13) | Text (1,2025-06-25)	
arts	1455980	link	https://arts.ucalgary.ca/about/about-faculty/equity-diversity-inclusion-accessibiliy	EDI Equity, Diversity, Inclusion and Accessibility | Faculty of Arts | University of Calgary	Basic page	Published	0.1	216	200	2	2	1|63	ARTS - 1|ARTS EDI	2	1|63	ARTS - 1|ARTS EDI	22	16	1	0	21	5	0	Accordion (Minimal)|Banner|Divider|Hero CTA|Image|Image with Text|Info Shim|News Feed|Related Content|Text	Accordion (Minimal) (2,2025-04-22) | Banner (2,2025-04-24) | Divider (3,2024-09-05) | Hero CTA (1,2025-04-24) | Image (1,2024-10-08) | Image with Text (3,2025-12-15) | Info Shim (1,2024-09-25) | News Feed (1,2025-04-24) | Related Content (1,2024-10-08) | Text (7,2025-04-22)	Accordion (Minimal)|Banner|Divider|Image|Image with Text|News Feed|Related Content|Text
arts	1456079	link	https://arts.ucalgary.ca/classics-religion/research/expanding-sikh-studies	CLARE Research Expanding Sikh Studies Initiative	Basic page	Published	1.9	533	200	2	1	2	CLARE - 2	2	1|2	ARTS - 1|CLARE - 2	10		2	7	1	20	70	Divider|Hero CTA|Image|Image with Text|News Feed|Streaming Media|Text|Text Grid	Divider (1,2022-10-25) | Hero CTA (1,2023-02-16) | Image (1,2023-09-26) | Image with Text (1,2023-09-26) | News Feed (1,2022-07-04) | Streaming Media (1,2023-01-19) | Text (3,2024-02-20) | Text Grid (1,2022-10-25)	
arts	1456170	link	https://arts.ucalgary.ca/languages-linguistics-literatures-cultures/conferences/ICCSLTE2022/ICCSLTE2022	ICCSLTE | Home	Basic page	Published	2.5	32	200|301	3	1	64	Conference - ICCSLTE	1	64	Conference - ICCSLTE	2		1	1	0	50	50	Hero CTA	Hero CTA (2,2023-07-10)	
arts	1456172	link	https://arts.ucalgary.ca/calgary-institute-humanities/working-groups-and-research/publication-support	Publication Support Awards	Basic page	Published	0.3	248	200	2	1	24	CIH - 24	1	24	CIH - 24	6	2	1	5	0	17	83	Divider|Hero CTA|Info Shim|Text	Divider (1,2024-02-28) | Hero CTA (2,2025-09-17) | Info Shim (1,2024-02-28) | Text (2,2025-04-02)	Text
arts	1456176	link	https://arts.ucalgary.ca/languages-linguistics-literatures-cultures/conferences/ICCSLTE2022/main	Main	Basic page	Published	2.3	3	200|301	3	1	64	Conference - ICCSLTE	1	64	Conference - ICCSLTE	9		1	8	0	11	89	Campus Map|Hero CTA|Image|Text	Campus Map (1,2022-08-18) | Hero CTA (2,2023-07-10) | Image (2,2023-09-26) | Text (4,2023-09-26)	
arts	1456181	link	https://arts.ucalgary.ca/languages-linguistics-literatures-cultures/conferences/ICCSLTE2022/HighlightedSpeakers	Highlighted speakers	Basic page	Published	2.3	21	200|301	3	1	64	Conference - ICCSLTE	1	64	Conference - ICCSLTE	17		1	16	0	6	94	Banner|Divider|Hero CTA|Image|Text	Banner (2,2023-09-26) | Divider (1,2022-04-27) | Hero CTA (2,2023-02-16) | Image (6,2023-09-26) | Text (6,2023-09-26)	
arts	1456182	link	https://arts.ucalgary.ca/languages-linguistics-literatures-cultures/conferences/ICCSLTE2022/AbstractSubmission	Abstract submission	Basic page	Published	2.3	6	200|301	3	1	64	Conference - ICCSLTE	1	64	Conference - ICCSLTE	4		1	3	0	25	75	Hero CTA|Text	Hero CTA (2,2023-07-10) | Text (2,2023-09-26)	
arts	1456183	link	https://arts.ucalgary.ca/languages-linguistics-literatures-cultures/conferences/ICCSLTE2022/Registration	Registration	Basic page	Published	2.9		200|301	3	1	64	Conference - ICCSLTE	1	64	Conference - ICCSLTE	2		1	1	0	50	50	Hero CTA	Hero CTA (2,2023-02-16)	
arts	1456184	link	https://arts.ucalgary.ca/languages-linguistics-literatures-cultures/conferences/ICCSLTE2022/Travel	Travel	Basic page	Published	2.9	3	200|301	3	1	64	Conference - ICCSLTE	1	64	Conference - ICCSLTE	2		1	1	0	50	50	Hero CTA	Hero CTA (2,2023-02-16)	
arts	1456185	link	https://arts.ucalgary.ca/languages-linguistics-literatures-cultures/conferences/ICCSLTE2022/Attractions	Attractions	Basic page	Published	2.5		200|301	3	1	64	Conference - ICCSLTE	1	64	Conference - ICCSLTE	2		1	1	0	50	50	Hero CTA	Hero CTA (2,2023-07-10)	
arts	1456186	link	https://arts.ucalgary.ca/languages-linguistics-literatures-cultures/conferences/ICCSLTE2022/Accommodations	Accommodations	Basic page	Published	2.3		200|301	3	1	64	Conference - ICCSLTE	1	64	Conference - ICCSLTE	3		1	2	0	33	67	Hero CTA|Text	Hero CTA (2,2023-02-16) | Text (1,2023-09-26)	
arts	1456187	link	https://arts.ucalgary.ca/languages-linguistics-literatures-cultures/conferences/ICCSLTE2022/Contact	Contact	Basic page	Published	2.3	33	200|301	3	1	64	Conference - ICCSLTE	1	64	Conference - ICCSLTE	4		1	3	0	25	75	Hero CTA|Image|Text	Hero CTA (2,2023-02-16) | Image (1,2023-09-26) | Text (1,2023-09-26)	
arts	1456188	link	https://arts.ucalgary.ca/languages-linguistics-literatures-cultures/conferences/ICCSLTE2022/Exhibit	Exhibit of Chinese L2 education in Canada	Basic page	Published	2.9	5	200|301	3	1	64	Conference - ICCSLTE	1	64	Conference - ICCSLTE	2		1	1	0	50	50	Hero CTA	Hero CTA (2,2023-02-16)	
arts	1456190	link	https://arts.ucalgary.ca/calgary-distinguished-writers-program/events/contests	Contests	Basic page	Unpublished	0.3	3	403	2	1	23	CDWP - 23	1	23	CDWP - 23	3		1	2	0	33	67	Hero CTA|Text	Hero CTA (2,2023-07-10) | Text (1,2025-09-10)	
arts	1456196	link	https://arts.ucalgary.ca/psychology-clinic/news-and-events	Psychology Clinic News and Events	Basic page	Published	2.5	19	200	1	1	56	Psychology Clinic	1	56	Psychology Clinic	2		1	1	0	50	50	Hero CTA|News Feed	Hero CTA (1,2023-07-10) | News Feed (1,2022-05-30)	
arts	1456202	link	https://arts.ucalgary.ca/contacts/contact-us/deans-office-and-business-units	ARTS CONTACTS Dean's Office and Business Units	Basic page	Published	0.2	2020	200	2	1	1	ARTS - 1	1	1	ARTS - 1	18	2	2	16	0	11	89	Banner|Hero CTA|Image|Info Shim|More Information|Text|Text Grid	Banner (2,2023-09-26) | Hero CTA (1,2023-02-16) | Image (2,2024-09-03) | Info Shim (1,2025-02-07) | More Information (3,2025-02-07) | Text (5,2025-11-07) | Text Grid (4,2025-11-07)	Hero CTA|Text Grid
arts	1456204	link	https://arts.ucalgary.ca/contacts/contact-us/deans-office-and-business-units/department-and-school-operations-contacts	Arts Department and School Operations contacts	Basic page	Published	0.5	633	200	3	1	1	ARTS - 1	16	1|2|3|9|13|20|21|22|26|27|29|33|34|35|36|54	ANTH - 20|ART & ART HIST - 36|ARTS - 1|CLARE - 2|CMF - 21|ECON - 27|ENGL - 13|FRENCH CENTRE - 54|GEOG - 3|HIST - 29|PHIL - 33|POLI - 9|PSYC - 34|SCPA - 26|SLLLC - 22|SOCI - 35	28	24	2	4	22	7	14	Divider|Hero CTA|More Information|Text|Text Grid	Divider (1,2022-08-16) | Hero CTA (1,2023-07-10) | More Information (2,2023-07-10) | Text (5,2025-06-23) | Text Grid (19,2025-07-16)	Text|Text Grid
arts	1456218	link	https://arts.ucalgary.ca/languages-linguistics-literatures-cultures/conferences/ICCSLTE2022/agenda	Agenda	Basic page	Published	2.3	18	200|301	3	1	64	Conference - ICCSLTE	1	64	Conference - ICCSLTE	7		1	6	0	14	86	Hero CTA|Image|Table|Text	Hero CTA (2,2023-07-10) | Image (1,2023-09-26) | Table (3,2022-08-25) | Text (1,2023-09-26)	
arts	1456227	link	https://arts.ucalgary.ca/node/1456227	Layout Test _ DO NOT PUBLISH	Basic page	Unpublished	1.7		403	1	0			1	27	ECON - 27	48		4	0	44	8	0	Accordion|Banner|Divider|Hero CTA|News Feed|Page Filter Tags|Profile List|Text	Accordion (1,2022-09-14) | Banner (1,2023-09-26) | Divider (14,2023-07-10) | Hero CTA (1,2023-02-16) | News Feed (1,2024-04-22) | Page Filter Tags (1,2022-11-07) | Profile List (1,2024-03-26) | Text (28,2022-11-09)	
arts	1456231	link	https://arts.ucalgary.ca/creative-performing-arts/news-and-events/school-events/hookman	Hookman	Basic page	Published	2.3	32	200	3	1	26	SCPA - 26	1	26	SCPA - 26	49		1	48	0	2	98	Accordion|Accordion (Minimal)|Banner|Divider|Hero CTA|Image|Text	Accordion (1,2022-10-18) | Accordion (Minimal) (15,2023-09-26) | Banner (1,2023-09-26) | Divider (3,2022-10-19) | Hero CTA (2,2023-02-16) | Image (22,2023-09-26) | Text (5,2022-11-09)	
arts	1456233	link	https://arts.ucalgary.ca/node/1456233	GEOG Home Template	Basic page	Unpublished	0.1	3	403	1	2	1|3	ARTS - 1|GEOG - 3	2	1|3	ARTS - 1|GEOG - 3	22	5	20	0	2	91	0	Banner|Hero CTA|Image|Image with Text|Info Shim|More Information|Related Content|Text	Banner (3,2025-06-16) | Hero CTA (1,2025-06-16) | Image (2,2025-06-06) | Image with Text (1,2025-12-05) | Info Shim (1,2025-06-16) | More Information (4,2025-06-18) | Related Content (3,2025-06-18) | Text (7,2025-06-18)	Image with Text|More Information|Related Content
arts	1456241	link	https://arts.ucalgary.ca/about/office-dean/dean-aoife-macnamara	Dean Aoife MacNamara	Basic page	Published	0.3	1838	200	2	1	1	ARTS - 1	1	1	ARTS - 1	11	3	2	9	0	18	82	Accordion (Minimal)|Divider|Hero CTA|Image|Info Shim|More Information|Streaming Media|Text	Accordion (Minimal) (1,2024-02-13) | Divider (1,2024-02-02) | Hero CTA (1,2023-02-16) | Image (1,2024-09-03) | Info Shim (1,2024-02-06) | More Information (1,2024-02-29) | Streaming Media (1,2025-09-09) | Text (4,2024-02-13)	Info Shim|More Information|Text
arts	1456248	link	https://arts.ucalgary.ca/calgary-institute-humanities/events-and-community/calgary-atlas-project/city-romance-literary-world-1920s-calgary	City of Romance: The Literary World of 1920s Calgary	Basic page	Published	0.1	98	200	3	1	24	CIH - 24	1	24	CIH - 24	9	2	1	8	0	11	89	Accordion|Hero CTA|Image|Image Gallery|Text	Accordion (1,2025-12-10) | Hero CTA (2,2023-02-16) | Image (1,2023-09-26) | Image Gallery (1,2022-12-01) | Text (4,2023-09-26)	Accordion|Text
arts	1456250	link	https://arts.ucalgary.ca/node/1456250	Nikki scratch pad	Basic page	Published	0.3	4	200	1	1	1	ARTS - 1	1	1	ARTS - 1	6	4	3	3	0	50	50	Banner|Hero CTA|Image with Text|More Information|Schedule|Text	Banner (1,2025-01-16) | Hero CTA (1,2023-02-16) | Image with Text (1,2024-04-25) | More Information (1,2024-04-23) | Schedule (1,2025-10-06) | Text (1,2024-05-13)	Banner|Image with Text|More Information|Schedule
arts	1456254	link	https://arts.ucalgary.ca/calgary-institute-humanities/events-and-community/calgary-atlas-project/ring-ding-dong-dandy-map-stampede-wrestling	A Map of Stampede Wrestling	Basic page	Published	2.3	217	200	3	1	24	CIH - 24	1	24	CIH - 24	7	1	1	6	0	14	86	Hero CTA|Image|Image Gallery|Text	Hero CTA (2,2023-02-16) | Image (1,2023-09-26) | Image Gallery (1,2022-12-01) | Text (3,2023-09-26)	Text
arts	1456255	link	https://arts.ucalgary.ca/calgary-institute-humanities/events-and-community/calgary-atlas-project/animals-guide-calgary	The Animals Guide to Calgary	Basic page	Published	2.3	92	200	3	1	24	CIH - 24	1	24	CIH - 24	6	1	1	5	0	17	83	Hero CTA|Image|Text	Hero CTA (2,2023-02-16) | Image (1,2023-09-26) | Text (3,2023-09-26)	Text
arts	1456258	link	https://arts.ucalgary.ca/node/1456258	DO NOT PUBLISH Contact page mockup	Basic page	Unpublished	1.6		403	1	0			39	1|2|3|9|13|14|15|16|17|18|19|20|21|22|23|24|25|26|27|29|30|32|33|34|35|36|37|39|41|43|45|47|49|51|53|54|55|56|57	ALMC - 37|ANTH - 20|ART & ART HIST - 36|ARTS - 1|ASC - 14|ASHA - 16|CDWP - 23|CHIN - 39|CIH - 24|CLARE - 2|CMF - 21|CMSS - 25|COOP - 15|ECON - 27|ENGL - 13|FREN - 41|FRENCH CENTRE - 54|GEOG - 3|Geospatial Information Technology|GERM - 43|HIST - 29|IIS - 30|INDL - 45|IT - 19|ITAL - 47|JPNS - 49|LARC - 32|LRC - 55|PHIL - 33|POLI - 9|PSYC - 34|Psychology Clinic|RDC - 17|Research - 18|RUSS - 51|SCPA - 26|SLLLC - 22|SOCI - 35|SPAN - 53	10	4	5	0	5	50	0	Banner|Hero CTA|More Information|Text|Text Grid	Banner (1,2023-09-26) | Hero CTA (1,2023-02-16) | More Information (2,2022-12-12) | Text (4,2022-12-12) | Text Grid (2,2024-06-18)	Banner|More Information|Text Grid
arts	1456263	link	https://arts.ucalgary.ca/calgary-institute-humanities/events-and-community/annual-community-forum/insect-apocalypse-2023	Insect Apocalypse (2023)	Basic page	Published	1.9	25	200	3	1	24	CIH - 24	1	24	CIH - 24	8		1	7	0	12	88	Hero CTA|Streaming Media|Text|Text Grid	Hero CTA (2,2023-02-16) | Streaming Media (1,2024-02-26) | Text (2,2024-02-26) | Text Grid (3,2023-07-10)	
arts	1456268	link	https://arts.ucalgary.ca/arts-website-menu-survey-rules	Arts website menu survey rules	Basic page	Published	2.6		200	0	1	1	ARTS - 1	1	1	ARTS - 1	3		1	2	0	33	67	Hero CTA|Text|Webform Inline	Hero CTA (1,2023-03-03) | Text (1,2023-06-07) | Webform Inline (1,2023-06-06)	
arts	1456280	link	https://arts.ucalgary.ca/psychology/contact/psychology-directory/full-time-faculty	Psychology full-time faculty	Basic page	Published	1	2416	200	3	1	34	PSYC - 34	1	34	PSYC - 34	2	1	1	1	0	50	50	Hero CTA|Profile List	Hero CTA (1,2023-05-04) | Profile List (1,2025-01-20)	Profile List
arts	1456281	link	https://arts.ucalgary.ca/psychology/contact/psychology-directory/sessional-instructors	Psychology sessional instructors	Basic page	Published	1.7	280	200	3	1	34	PSYC - 34	1	34	PSYC - 34	2		1	1	0	50	50	Hero CTA|Profile List	Hero CTA (1,2023-05-04) | Profile List (1,2024-04-30)	
arts	1456283	link	https://arts.ucalgary.ca/psychology/contact/psychology-directory/graduate-students	Psychology graduate students	Basic page	Published	1.7	379	200	3	1	34	PSYC - 34	1	34	PSYC - 34	2		1	1	0	50	50	Hero CTA|Profile List	Hero CTA (1,2023-05-04) | Profile List (1,2024-04-30)	
arts	1456285	link	https://arts.ucalgary.ca/psychology/contact/psychology-directory/emeriti-and-retired-professors	Psychology emeriti and retired professors	Basic page	Published	0.7	315	200	3	1	34	PSYC - 34	1	34	PSYC - 34	2	1	1	1	0	50	50	Hero CTA|Text Grid	Hero CTA (1,2023-05-04) | Text Grid (1,2025-05-13)	Text Grid
arts	1456337	link	https://arts.ucalgary.ca/node/1456337	DRAFT REVISION ARTS Home	Basic page	Unpublished	0.1		403	1	1	1	ARTS - 1	2	1|18	ARTS - 1|Research - 18	24	12	6	17	1	25	71	Divider|Hero CTA|Image|Image with Text|More Information|News Feed|Related Content|Streaming Media|Text	Divider (3,2024-04-24) | Hero CTA (1,2024-08-15) | Image (4,2024-05-23) | Image with Text (2,2025-12-05) | More Information (5,2025-06-09) | News Feed (1,2024-05-06) | Related Content (1,2025-01-31) | Streaming Media (1,2024-05-16) | Text (6,2024-05-24)	Hero CTA|Image|Image with Text|More Information|Related Content|Streaming Media|Text
arts	1456408	link	https://arts.ucalgary.ca/calgary-institute-humanities/events-and-community/lecture-series/egmont-lee-founders-lecture	Egmont Lee Founders' Lecture	Basic page	Published	1	148	200	3	1	24	CIH - 24	1	24	CIH - 24	4		1	3	0	25	75	Banner|Hero CTA|Text	Banner (1,2025-01-09) | Hero CTA (2,2023-12-04) | Text (1,2023-12-04)	
arts	1456409	link	https://arts.ucalgary.ca/english/future-students/undergraduate/creative-writing	ENGL Future Students Undergraduate Creative Writing	Basic page	Published	0.1	2346	200	3	1	13	ENGL - 13	39	1|2|3|9|13|14|15|16|17|18|19|20|21|22|23|24|25|26|27|29|30|32|33|34|35|36|37|39|41|43|45|47|49|51|53|54|55|56|57	ALMC - 37|ANTH - 20|ART & ART HIST - 36|ARTS - 1|ASC - 14|ASHA - 16|CDWP - 23|CHIN - 39|CIH - 24|CLARE - 2|CMF - 21|CMSS - 25|COOP - 15|ECON - 27|ENGL - 13|FREN - 41|FRENCH CENTRE - 54|GEOG - 3|Geospatial Information Technology|GERM - 43|HIST - 29|IIS - 30|INDL - 45|IT - 19|ITAL - 47|JPNS - 49|LARC - 32|LRC - 55|PHIL - 33|POLI - 9|PSYC - 34|Psychology Clinic|RDC - 17|Research - 18|RUSS - 51|SCPA - 26|SLLLC - 22|SOCI - 35|SPAN - 53	15	4	1	13	1	7	87	Accordion|Banner|Divider|Hero CTA|Image|Image with Text|Info Shim|More Information|Text|Text Grid|Thumbnail	Accordion (1,2025-11-21) | Banner (1,2024-03-15) | Divider (1,2023-12-14) | Hero CTA (1,2023-12-14) | Image (1,2024-03-15) | Image with Text (2,2024-03-15) | Info Shim (1,2023-12-14) | More Information (2,2024-08-16) | Text (3,2025-02-21) | Text Grid (1,2025-05-07) | Thumbnail (1,2025-12-10)	Image with Text|More Information|Text Grid|Thumbnail
arts	1456412	link	https://arts.ucalgary.ca/node/1456412	test	Basic page	Unpublished	2		403	1	0			1	26	SCPA - 26	2		1	0	1	50	0	Hero CTA|Profile List	Hero CTA (1,2023-12-19) | Profile List (1,2024-01-03)	
arts	1456414	link	https://arts.ucalgary.ca/calgary-institute-humanities/events-and-community/lecture-series/naomi-lacey-memorial-lecture	Naomi Lacey Memorial Lecture	Basic page	Published	1	134	200	3	1	24	CIH - 24	1	24	CIH - 24	5		1	4	0	20	80	Hero CTA|Sidekick CTA|Text	Hero CTA (2,2024-01-16) | Sidekick CTA (1,2025-01-14) | Text (2,2025-01-09)	
arts	1456415	link	https://arts.ucalgary.ca/agsc-scratch-page	AGSC Scratch Page	Basic page	Unpublished	2		403	0	1	65	AGSC - 65				1		1	0	0	100	0	Hero CTA	Hero CTA (1,2024-01-16)	
arts	1456416	link	https://arts.ucalgary.ca/anar-scratch-page	ANAR scratch page	Basic page	Unpublished	2		403	0	1	20	ANTH - 20				1		1	0	0	100	0	Hero CTA	Hero CTA (1,2024-01-16)	
arts	1456417	link	https://arts.ucalgary.ca/daah-scratch-page	DAAH scratch page	Basic page	Unpublished	2		403	0	1	36	ART & ART HIST - 36				1		1	0	0	100	0	Hero CTA	Hero CTA (1,2024-01-16)	
arts	1456419	link	https://arts.ucalgary.ca/asc-scratch-page	ASC scratch page	Basic page	Unpublished	2		403	0	1	14	ASC - 14				1		1	0	0	100	0	Hero CTA	Hero CTA (1,2024-01-16)	
arts	1456420	link	https://arts.ucalgary.ca/arts-scratch-page	ARTS scratch page	Basic page	Unpublished	2		403	0	1	1	ARTS - 1				1		1	0	0	100	0	Hero CTA	Hero CTA (1,2024-01-16)	
arts	1456421	link	https://arts.ucalgary.ca/asha-scratch-page	ASHA scratch page	Basic page	Unpublished	2		403	0	1	16	ASHA - 16				1		1	0	0	100	0	Hero CTA	Hero CTA (1,2024-01-16)	
arts	1456422	link	https://arts.ucalgary.ca/cdwp-scratch-page	CDWP scratch page	Basic page	Unpublished	2		403	0	1	23	CDWP - 23				1		1	0	0	100	0	Hero CTA	Hero CTA (1,2024-01-16)	
arts	1456423	link	https://arts.ucalgary.ca/calgary-institute-humanities-scratch-page	CIH scratch page	Basic page	Unpublished	2		403	0	1	24	CIH - 24				1		1	0	0	100	0	Hero CTA	Hero CTA (1,2024-01-16)	
arts	1456424	link	https://arts.ucalgary.ca/clare-scratch-page	CLARE scratch page	Basic page	Unpublished	2		403	0	1	2	CLARE - 2				1		1	0	0	100	0	Hero CTA	Hero CTA (1,2024-01-16)	
arts	1456425	link	https://arts.ucalgary.ca/cmf-scratch-page	CMF scratch page	Basic page	Unpublished	2		403	0	1	21	CMF - 21				1		1	0	0	100	0	Hero CTA	Hero CTA (1,2024-01-16)	
arts	1456426	link	https://arts.ucalgary.ca/cmss-scratch-page	CMSS scratch page	Basic page	Unpublished	2		403	0	1	25	CMSS - 25				1		1	0	0	100	0	Hero CTA	Hero CTA (1,2024-01-16)	
arts	1456427	link	https://arts.ucalgary.ca/coop-scratch-page	COOP scratch page	Basic page	Unpublished	2		403	0	1	15	COOP - 15				1		1	0	0	100	0	Hero CTA	Hero CTA (1,2024-01-16)	
arts	1456428	link	https://arts.ucalgary.ca/econ-scratch-page	ECON scratch page	Basic page	Unpublished	2		403	0	1	27	ECON - 27				1		1	0	0	100	0	Hero CTA	Hero CTA (1,2024-01-16)	
arts	1456429	link	https://arts.ucalgary.ca/engl-scratch-page	ENGL scratch page	Basic page	Unpublished	2		403	0	1	13	ENGL - 13				1		1	0	0	100	0	Hero CTA	Hero CTA (1,2024-01-16)	
arts	1456430	link	https://arts.ucalgary.ca/geog-scratch-page	GEOG scratch page	Basic page	Unpublished	2		403	0	1	3	GEOG - 3				1		1	0	0	100	0	Hero CTA	Hero CTA (1,2024-01-16)	
arts	1456431	link	https://arts.ucalgary.ca/hist-scratch-page	HIST scratch page	Basic page	Unpublished	2		403	0	1	29	HIST - 29				1		1	0	0	100	0	Hero CTA	Hero CTA (1,2024-01-16)	
arts	1456432	link	https://arts.ucalgary.ca/iis-scratch-page	IIS scratch page	Basic page	Unpublished	2		403	0	1	30	IIS - 30				1		1	0	0	100	0	Hero CTA	Hero CTA (1,2024-01-16)	
arts	1456433	link	https://arts.ucalgary.ca/phil-scratch-page	PHIL scratch page	Basic page	Unpublished	2		403	0	1	33	PHIL - 33				1		1	0	0	100	0	Hero CTA	Hero CTA (1,2024-01-16)	
arts	1456434	link	https://arts.ucalgary.ca/phil-for-everyone-scratch-page	Phil for everyone scratch page	Basic page	Unpublished	2		403	0	1	66	Philosophy for everyone				1		1	0	0	100	0	Hero CTA	Hero CTA (1,2024-01-16)	
arts	1456435	link	https://arts.ucalgary.ca/poli-scratch-page	POLI scratch page	Basic page	Unpublished	2		403	0	1	9	POLI - 9				1		1	0	0	100	0	Hero CTA	Hero CTA (1,2024-01-16)	
arts	1456436	link	https://arts.ucalgary.ca/psyc-scratch-page	PSYC scratch page	Basic page	Unpublished	2		403	0	1	34	PSYC - 34				1		1	0	0	100	0	Hero CTA	Hero CTA (1,2024-01-16)	
arts	1456437	link	https://arts.ucalgary.ca/psyc-clinic-scratch-page	PSYC CLINIC scratch page	Basic page	Unpublished	2		403	0	1	56	Psychology Clinic				1		1	0	0	100	0	Hero CTA	Hero CTA (1,2024-01-16)	
arts	1456438	link	https://arts.ucalgary.ca/scpa-scratch-page	SCPA scratch page	Basic page	Unpublished	2		403	0	1	26	SCPA - 26	1	26	SCPA - 26	2		1	1	0	50	50	Banner|Hero CTA	Banner (1,2024-01-31) | Hero CTA (1,2024-01-16)	
arts	1456439	link	https://arts.ucalgary.ca/slllc-scratch-page	SLLLC scratch page	Basic page	Unpublished	2		403	0	1	22	SLLLC - 22				1		1	0	0	100	0	Hero CTA	Hero CTA (1,2024-01-16)	
arts	1456440	link	https://arts.ucalgary.ca/french-centre-scratch-page	French Centre scratch page	Basic page	Unpublished	2		403	0	1	54	FRENCH CENTRE - 54				1		1	0	0	100	0	Hero CTA	Hero CTA (1,2024-01-16)	
arts	1456441	link	https://arts.ucalgary.ca/soci-scratch-page	SOCI scratch page	Basic page	Unpublished	2		403	0	1	35	SOCI - 35				1		1	0	0	100	0	Hero CTA	Hero CTA (1,2024-01-16)	
arts	1456443	link	https://arts.ucalgary.ca/node/1456443	Online Monthly Book Club	Basic page	Unpublished	2		403	1	1	23	CDWP - 23				1		1	0	0	100	0	Hero CTA	Hero CTA (1,2024-01-23)	
arts	1456444	link	https://arts.ucalgary.ca/calgary-distinguished-writers-program/writer-residence/online-monthly-book-club	Online Monthly Book Club	Basic page	Unpublished	1.8	16	403	2	1	23	CDWP - 23	1	23	CDWP - 23	7		1	6	0	14	86	Hero CTA|Image with Text	Hero CTA (2,2024-04-02) | Image with Text (5,2024-04-11)	
arts	1456445	link	https://arts.ucalgary.ca/political-science/research/mark-grosjean-postdoctoral-fellowship/past-fellows	Mark Grosjean postdoctoral fellowship past fellows	Basic page	Unpublished	1.7		403	3	1	9	POLI - 9	2	1|9	ARTS - 1|POLI - 9	3		1	1	1	33	33	Banner|Hero CTA|Thumbnail	Banner (1,2024-04-26) | Hero CTA (1,2024-04-26) | Thumbnail (1,2024-01-24)	
arts	1456448	link	https://arts.ucalgary.ca/about/office-dean/faculty-council-and-committees	Faculty Council and Committees	Basic page	Published	0.1	1062	200	2	1	1	ARTS - 1	1	1	ARTS - 1	31	3	1	30	0	3	97	Accordion (Minimal)|Divider|Hero CTA|Info Shim|More Information|Text	Accordion (Minimal) (11,2025-12-10) | Divider (2,2024-02-06) | Hero CTA (1,2024-02-02) | Info Shim (1,2024-02-02) | More Information (1,2024-02-29) | Text (15,2025-12-15)	Hero CTA|More Information|Text
arts	1456451	link	https://arts.ucalgary.ca/about/office-dean/associate-deans/research-old	Associate Dean Research	Basic page	Unpublished	1		403	3	1	1	ARTS - 1	1	1	ARTS - 1	17	7	2	15	0	12	88	Accordion (Minimal)|Divider|Hero CTA|Image|Info Shim|More Information|Text	Accordion (Minimal) (2,2025-01-21) | Divider (1,2024-01-26) | Hero CTA (1,2024-09-17) | Image (2,2025-01-21) | Info Shim (1,2024-01-26) | More Information (1,2024-02-29) | Text (9,2025-01-21)	Accordion (Minimal)|Image|Info Shim|More Information|Text
arts	1456453	link	https://arts.ucalgary.ca/node/1456453	Test	Basic page	Unpublished	2		403	1	0						2		2	0	0	100	0	Banner|Hero CTA	Banner (1,2024-01-30) | Hero CTA (1,2024-01-30)	
arts	1456463	link	https://arts.ucalgary.ca/calgary-institute-humanities/events-and-community/annual-community-forum/conspiracy-thinking-2024	Conspiracy Thinking (2024) | Calgary Institute for the Humanities | University of Calgary	Basic page	Published	1.7	137	200	3	1	24	CIH - 24	1	24	CIH - 24	5		1	4	0	20	80	Hero CTA|Text|Text Grid	Hero CTA (2,2024-03-01) | Text (1,2024-05-13) | Text Grid (2,2024-03-28)	
arts	1456467	link	https://arts.ucalgary.ca/philosophy/about/draft-philosophy-everyone-program/work-us	P4E Work with us	Basic page	Published	0.6	46	200	3	2	33|66	PHIL - 33|Philosophy for everyone	2	33|66	PHIL - 33|Philosophy for everyone	4	1	1	2	1	25	50	Hero CTA|More Information|Text	Hero CTA (1,2024-10-18) | More Information (1,2025-06-26) | Text (2,2024-03-11)	More Information
arts	1456470	link	https://arts.ucalgary.ca/calgary-institute-humanities/events-and-community/lecture-series/international-holocaust-remembrance-day-lecture-series	International Holocaust Remembrance Day Lecture Series	Basic page	Published	1.1	168	200	3	2	1|24	ARTS - 1|CIH - 24	1	1	ARTS - 1	14		12	0	2	86	0	Divider|Hero CTA|Image|Image with Text|Info Shim|Table|Text	Divider (1,2024-03-14) | Hero CTA (1,2024-12-13) | Image (3,2024-04-10) | Image with Text (1,2024-12-13) | Info Shim (1,2024-03-14) | Table (1,2024-12-04) | Text (6,2024-12-18)	
arts	1456471	link	https://arts.ucalgary.ca/node/1456471	Laura G test	Basic page	Unpublished	1.8		403	1	0						18		18	0	0	100	0	Banner|Hero CTA|Image|Image Gallery|Image with Text|Masonry Gallery|Text	Banner (1,2024-03-13) | Hero CTA (1,2024-03-13) | Image (4,2024-03-13) | Image Gallery (1,2024-03-13) | Image with Text (5,2024-03-18) | Masonry Gallery (1,2024-03-13) | Text (5,2024-03-13)	
arts	1456472	link	https://arts.ucalgary.ca/languages-linguistics-literatures-cultures/contact/directory/full-time-faculty	SLLLC full-time faculty	Basic page	Published	1	1039	200	3	0			1	22	SLLLC - 22	2		1	0	1	50	0	Hero CTA|Profile List	Hero CTA (1,2024-04-16) | Profile List (1,2025-01-02)	
arts	1456475	link	https://arts.ucalgary.ca/node/1456475	Test - Apr 8, 2024	Basic page	Unpublished	1.8		403	1	0						1		1	0	0	100	0	Hero CTA	Hero CTA (1,2024-04-08)	
arts	1456476	link	https://arts.ucalgary.ca/geography/future-students/undergraduate/geographic-information-science-certificate	Geographic Information Science Embedded Certificate	Basic page	Published	1.7	1656	200	3	1	3	GEOG - 3	3	1|3|29	ARTS - 1|GEOG - 3|HIST - 29	14		1	10	3	7	71	Accordion (Minimal)|Divider|Hero CTA|Image|More Information|Text	Accordion (Minimal) (1,2024-04-18) | Divider (2,2024-04-18) | Hero CTA (1,2024-04-18) | Image (2,2024-04-18) | More Information (2,2024-04-18) | Text (6,2024-04-18)	
arts	1456477	link	https://arts.ucalgary.ca/node/1456477	Philosophy for Children program Clone	Basic page	Unpublished	0.6		403	1	2	33|66	PHIL - 33|Philosophy for everyone	2	33|66	PHIL - 33|Philosophy for everyone	12	3	3	7	2	25	58	Divider|Hero CTA|Image|More Information|Text	Divider (1,2024-04-15) | Hero CTA (1,2024-04-15) | Image (1,2024-04-15) | More Information (3,2025-06-26) | Text (6,2024-04-25)	Divider|More Information|Text
arts	1456478	link	https://arts.ucalgary.ca/node/1456478	DRAFT EDI in a Faculty of Arts Unit Template page	Basic page	Unpublished	0.7		403	1	0			2	1|63	ARTS - 1|ARTS EDI	19	15	3	0	16	16	0	Accordion (Minimal)|Banner|Divider|Hero CTA|Image|Image with Text|News Feed|Related Content|Text	Accordion (Minimal) (2,2025-04-22) | Banner (2,2025-04-22) | Divider (2,2024-07-29) | Hero CTA (1,2024-08-16) | Image (1,2024-10-08) | Image with Text (1,2025-04-22) | News Feed (1,2025-04-24) | Related Content (2,2024-10-08) | Text (7,2025-04-22)	Accordion (Minimal)|Banner|Image|Image with Text|News Feed|Related Content|Text
arts	1456484	link	https://arts.ucalgary.ca/about/about-faculty/equity-diversity-inclusion-and-accessibility/archival-edi-statements	Archival EDI statements in the Faculty of Arts	Basic page	Unpublished	1.7		403	3	1	1	ARTS - 1	1	1	ARTS - 1	2	1	1	1	0	50	50	Hero CTA|Table	Hero CTA (1,2024-04-15) | Table (1,2024-04-15)	Table
arts	1456485	link	https://arts.ucalgary.ca/node/1456485	Research overview template	Basic page	Unpublished	1.7		403	1	0			47	1|2|3|9|13|14|15|16|17|18|19|20|21|22|23|24|25|26|27|29|30|32|33|34|35|36|37|39|41|43|45|47|49|51|53|54|55|56|57|58|60|62|63|64|65|66|67	AGSC - 65|ALMC - 37|ANTH - 20|ART & ART HIST - 36|ARTS - 1|ARTS EDI|ASC - 14|ASHA - 16|CDWP - 23|CHIN - 39|CIH - 24|CLARE - 2|CMF - 21|CMSS - 25|Conference - ICCSLTE|COOP - 15|CRFA|ECON - 27|ENGL - 13|FREN - 41|FRENCH CENTRE - 54|GEOG - 3|Geospatial Information Technology|GERM - 43|HIST - 29|IIS - 30|INDL - 45|IT - 19|ITAL - 47|JPNS - 49|LARC - 32|LING - 22|LRC - 55|PHIL - 33|Philosophy for everyone|POLI - 9|PSYC - 34|Psychology Clinic|Psychology Equity(comma) Diversity and Inclusion|RDC - 17|Research - 18|RUSS - 51|SCPA - 26|SLLLC - 22|SOCI - 35|SPAN - 53|UTS	9		8	0	1	89	0	Accordion|Banner|Cards|Hero CTA|Text|Text Grid|Trio CTA	Accordion (2,2024-04-29) | Banner (2,2024-04-29) | Cards (1,2024-04-29) | Hero CTA (1,2024-04-29) | Text (1,2024-04-29) | Text Grid (1,2024-04-29) | Trio CTA (1,2024-04-29)	
arts	1456486	link	https://arts.ucalgary.ca/languages-linguistics-literatures-cultures/future-students/undergraduate/chinese-language-teacher-training/standalone-certificate	Research overview template Clone	Basic page	Unpublished	1.7		403	4	46	1|2|3|9|13|14|15|16|17|18|19|20|21|22|23|24|25|26|27|29|30|32|33|34|35|36|37|39|41|43|45|47|49|51|53|54|55|56|57|58|60|62|63|64|65|66	AGSC - 65|ALMC - 37|ANTH - 20|ART & ART HIST - 36|ARTS - 1|ARTS EDI|ASC - 14|ASHA - 16|CDWP - 23|CHIN - 39|CIH - 24|CLARE - 2|CMF - 21|CMSS - 25|Conference - ICCSLTE|COOP - 15|CRFA|ECON - 27|ENGL - 13|FREN - 41|FRENCH CENTRE - 54|GEOG - 3|Geospatial Information Technology|GERM - 43|HIST - 29|IIS - 30|INDL - 45|IT - 19|ITAL - 47|JPNS - 49|LARC - 32|LING - 22|LRC - 55|PHIL - 33|Philosophy for everyone|POLI - 9|PSYC - 34|Psychology Clinic|Psychology Equity(comma) Diversity and Inclusion|RDC - 17|Research - 18|RUSS - 51|SCPA - 26|SLLLC - 22|SOCI - 35|SPAN - 53	47	1|2|3|9|13|14|15|16|17|18|19|20|21|22|23|24|25|26|27|29|30|32|33|34|35|36|37|39|41|43|45|47|49|51|53|54|55|56|57|58|60|62|63|64|65|66|67	AGSC - 65|ALMC - 37|ANTH - 20|ART & ART HIST - 36|ARTS - 1|ARTS EDI|ASC - 14|ASHA - 16|CDWP - 23|CHIN - 39|CIH - 24|CLARE - 2|CMF - 21|CMSS - 25|Conference - ICCSLTE|COOP - 15|CRFA|ECON - 27|ENGL - 13|FREN - 41|FRENCH CENTRE - 54|GEOG - 3|Geospatial Information Technology|GERM - 43|HIST - 29|IIS - 30|INDL - 45|IT - 19|ITAL - 47|JPNS - 49|LARC - 32|LING - 22|LRC - 55|PHIL - 33|Philosophy for everyone|POLI - 9|PSYC - 34|Psychology Clinic|Psychology Equity(comma) Diversity and Inclusion|RDC - 17|Research - 18|RUSS - 51|SCPA - 26|SLLLC - 22|SOCI - 35|SPAN - 53|UTS	6		1	4	1	17	67	Banner|Divider|Hero CTA|Text Grid|Trio CTA	Banner (2,2024-04-29) | Divider (1,2024-04-29) | Hero CTA (1,2024-04-29) | Text Grid (1,2024-04-29) | Trio CTA (1,2024-04-29)	
arts	1456487	link	https://arts.ucalgary.ca/node/1456487	DRAFT ARTS About the Faculty	Basic page	Unpublished	0.6		403	1	1	1	ARTS - 1	1	1	ARTS - 1	27	13	3	24	0	11	89	Banner|Cards|Hero CTA|Image|Image with Text|Info Shim|More Information|News Feed|Streaming Media|Text	Banner (1,2024-05-31) | Cards (1,2024-05-31) | Hero CTA (1,2024-05-21) | Image (5,2024-09-03) | Image with Text (2,2024-08-09) | Info Shim (1,2024-05-22) | More Information (1,2025-06-09) | News Feed (1,2024-05-21) | Streaming Media (1,2024-05-24) | Text (13,2025-03-17)	Banner|Cards|Hero CTA|Image|Image with Text|Info Shim|More Information|Text
arts	1456503	link	https://arts.ucalgary.ca/node/1456503	Schedule Block Test - Jun 21, 2024	Basic page	Unpublished	1.6		403	1	0			47	1|2|3|9|13|14|15|16|17|18|19|20|21|22|23|24|25|26|27|29|30|32|33|34|35|36|37|39|41|43|45|47|49|51|53|54|55|56|57|58|60|62|63|64|65|66|67	AGSC - 65|ALMC - 37|ANTH - 20|ART & ART HIST - 36|ARTS - 1|ARTS EDI|ASC - 14|ASHA - 16|CDWP - 23|CHIN - 39|CIH - 24|CLARE - 2|CMF - 21|CMSS - 25|Conference - ICCSLTE|COOP - 15|CRFA|ECON - 27|ENGL - 13|FREN - 41|FRENCH CENTRE - 54|GEOG - 3|Geospatial Information Technology|GERM - 43|HIST - 29|IIS - 30|INDL - 45|IT - 19|ITAL - 47|JPNS - 49|LARC - 32|LING - 22|LRC - 55|PHIL - 33|Philosophy for everyone|POLI - 9|PSYC - 34|Psychology Clinic|Psychology Equity(comma) Diversity and Inclusion|RDC - 17|Research - 18|RUSS - 51|SCPA - 26|SLLLC - 22|SOCI - 35|SPAN - 53|UTS	2		1	0	1	50	0	Hero CTA|Schedule	Hero CTA (1,2024-06-21) | Schedule (1,2024-06-21)	
arts	1456531	link	https://arts.ucalgary.ca/anthropology-archaeology/about/equity-diversity-inclusion-and-accessibility	EDIA in Anthropology and Archaeology	Basic page	Published	0.1	22	200	2	1	63	ARTS EDI	2	1|63	ARTS - 1|ARTS EDI	19	16	1	13	5	5	68	Accordion (Minimal)|Banner|Divider|Hero CTA|Image|Image with Text|News Feed|Related Content|Text	Accordion (Minimal) (2,2025-04-22) | Banner (2,2025-04-22) | Divider (2,2024-09-16) | Hero CTA (1,2025-04-24) | Image (1,2024-10-08) | Image with Text (3,2025-12-15) | News Feed (1,2025-04-24) | Related Content (1,2024-10-08) | Text (6,2025-04-22)	Accordion (Minimal)|Banner|Image|Image with Text|News Feed|Related Content|Text
arts	1456532	link	https://arts.ucalgary.ca/art-art-history/about/equity-diversity-inclusion-and-accessibility	EDIA in Art and Art History	Basic page	Published	0.1	7	200	2	1	63	ARTS EDI	2	1|63	ARTS - 1|ARTS EDI	19	16	1	15	3	5	79	Accordion (Minimal)|Banner|Divider|Hero CTA|Image|Image with Text|News Feed|Related Content|Text	Accordion (Minimal) (2,2025-04-22) | Banner (2,2025-04-22) | Divider (2,2024-07-30) | Hero CTA (1,2025-04-24) | Image (1,2024-10-08) | Image with Text (3,2025-12-15) | News Feed (1,2025-04-24) | Related Content (1,2024-10-08) | Text (6,2025-04-22)	Accordion (Minimal)|Banner|Image|Image with Text|News Feed|Related Content|Text
arts	1456533	link	https://arts.ucalgary.ca/classics-religion/about/equity-diversity-inclusion-and-accessibility	EDIA in Classics and Religion	Basic page	Published	0.1	34	200	2	1	63	ARTS EDI	2	1|63	ARTS - 1|ARTS EDI	21	16	2	14	5	10	67	Accordion (Minimal)|Banner|Divider|Hero CTA|Image|Image with Text|News Feed|Related Content|Text	Accordion (Minimal) (2,2025-04-22) | Banner (2,2025-04-22) | Divider (2,2024-07-30) | Hero CTA (1,2025-04-24) | Image (1,2024-10-08) | Image with Text (3,2025-12-15) | News Feed (1,2025-04-24) | Related Content (1,2024-10-08) | Text (8,2025-04-22)	Accordion (Minimal)|Banner|Image|Image with Text|News Feed|Related Content|Text
arts	1456534	link	https://arts.ucalgary.ca/communication-media-film/about/equity-diversity-inclusion-and-accessibility	EDIA in Communication, Media and Film	Basic page	Published	0.1	12	200	2	1	63	ARTS EDI	2	1|63	ARTS - 1|ARTS EDI	19	16	1	14	4	5	74	Accordion (Minimal)|Banner|Divider|Hero CTA|Image|Image with Text|News Feed|Related Content|Text	Accordion (Minimal) (2,2025-04-22) | Banner (2,2025-04-22) | Divider (2,2024-07-30) | Hero CTA (1,2025-04-24) | Image (1,2024-10-08) | Image with Text (3,2025-12-15) | News Feed (1,2025-04-24) | Related Content (1,2024-10-08) | Text (6,2025-04-22)	Accordion (Minimal)|Banner|Image|Image with Text|News Feed|Related Content|Text
arts	1456535	link	https://arts.ucalgary.ca/creative-performing-arts/about/equity-diversity-inclusion-and-accessibility	EDIA in Creative and Performing Arts	Basic page	Published	0.1	46	200	2	1	63	ARTS EDI	3	1|26|63	ARTS - 1|ARTS EDI|SCPA - 26	22	16	3	14	5	14	64	Accordion (Minimal)|Banner|Divider|Hero CTA|Image|Image with Text|News Feed|Related Content|Text	Accordion (Minimal) (2,2025-04-22) | Banner (4,2025-04-22) | Divider (2,2024-07-30) | Hero CTA (1,2025-04-24) | Image (1,2024-10-08) | Image with Text (3,2025-12-15) | News Feed (1,2025-04-24) | Related Content (1,2024-10-08) | Text (7,2025-04-22)	Accordion (Minimal)|Banner|Image|Image with Text|News Feed|Related Content|Text
arts	1456536	link	https://arts.ucalgary.ca/economics/about/equity-diversity-inclusion-and-accessibility	EDIA in Economics	Basic page	Published	0.1	17	200	2	1	63	ARTS EDI	3	1|36|63	ART & ART HIST - 36|ARTS - 1|ARTS EDI	20	16	2	14	4	10	70	Accordion (Minimal)|Banner|Divider|Hero CTA|Image|Image with Text|News Feed|Related Content|Text	Accordion (Minimal) (2,2025-04-22) | Banner (2,2025-04-22) | Divider (2,2024-07-30) | Hero CTA (1,2025-04-24) | Image (1,2024-10-08) | Image with Text (3,2025-12-15) | News Feed (1,2025-04-24) | Related Content (1,2024-10-08) | Text (7,2025-04-22)	Accordion (Minimal)|Banner|Image|Image with Text|News Feed|Related Content|Text
arts	1456537	link	https://arts.ucalgary.ca/english/about/equity-diversity-inclusion-and-accessibility	EDIA in English	Basic page	Published	0.1	32	200	2	1	63	ARTS EDI	2	1|63	ARTS - 1|ARTS EDI	19	16	1	14	4	5	74	Accordion (Minimal)|Banner|Divider|Hero CTA|Image|Image with Text|News Feed|Related Content|Text	Accordion (Minimal) (2,2025-04-22) | Banner (2,2025-04-22) | Divider (2,2024-07-30) | Hero CTA (1,2025-04-24) | Image (1,2024-10-08) | Image with Text (3,2025-12-15) | News Feed (1,2025-04-24) | Related Content (1,2024-10-08) | Text (6,2025-04-22)	Accordion (Minimal)|Banner|Image|Image with Text|News Feed|Related Content|Text
arts	1456538	link	https://arts.ucalgary.ca/geography/about/equity-diversity-inclusion-and-accessibility	EDIA in Geography	Basic page	Published	0.1	9	200	2	1	63	ARTS EDI	2	1|63	ARTS - 1|ARTS EDI	19	16	1	14	4	5	74	Accordion (Minimal)|Banner|Divider|Hero CTA|Image|Image with Text|News Feed|Related Content|Text	Accordion (Minimal) (2,2025-04-22) | Banner (2,2025-04-22) | Divider (2,2024-07-30) | Hero CTA (1,2025-04-24) | Image (1,2024-10-08) | Image with Text (3,2025-12-15) | News Feed (1,2025-04-24) | Related Content (1,2024-10-08) | Text (6,2025-04-22)	Accordion (Minimal)|Banner|Image|Image with Text|News Feed|Related Content|Text
arts	1456539	link	https://arts.ucalgary.ca/history/about/equity-diversity-inclusion-and-accessibility	EDIA in History	Basic page	Published	0.1	25	200	2	1	63	ARTS EDI	2	1|63	ARTS - 1|ARTS EDI	20	16	2	14	4	10	70	Accordion (Minimal)|Banner|Divider|Hero CTA|Image|Image with Text|News Feed|Related Content|Text	Accordion (Minimal) (2,2025-04-22) | Banner (2,2025-04-22) | Divider (2,2024-07-30) | Hero CTA (1,2025-04-24) | Image (1,2024-10-08) | Image with Text (3,2025-12-15) | News Feed (1,2025-04-24) | Related Content (1,2024-10-08) | Text (7,2025-04-22)	Accordion (Minimal)|Banner|Image|Image with Text|News Feed|Related Content|Text
arts	1456540	link	https://arts.ucalgary.ca/languages-linguistics-literatures-cultures/about/equity-diversity-inclusion-and-accessibility	EDIA in Languages, Linguistics, Literatures and Cultures	Basic page	Published	0.1	24	200	2	1	63	ARTS EDI	2	1|63	ARTS - 1|ARTS EDI	19	16	1	15	3	5	79	Accordion (Minimal)|Banner|Divider|Hero CTA|Image|Image with Text|News Feed|Related Content|Text	Accordion (Minimal) (2,2025-04-22) | Banner (2,2025-04-22) | Divider (2,2024-07-30) | Hero CTA (1,2025-04-24) | Image (1,2024-10-08) | Image with Text (3,2025-12-15) | News Feed (1,2025-04-24) | Related Content (1,2024-10-08) | Text (6,2025-04-22)	Accordion (Minimal)|Banner|Image|Image with Text|News Feed|Related Content|Text
arts	1456541	link	https://arts.ucalgary.ca/philosophy/about/equity-diversity-inclusion-and-accessibility	EDIA in Philosophy	Basic page	Published	0.1	34	200	2	1	63	ARTS EDI	2	1|63	ARTS - 1|ARTS EDI	21	16	2	15	4	10	71	Accordion (Minimal)|Banner|Divider|Hero CTA|Image|Image with Text|News Feed|Related Content|Text	Accordion (Minimal) (2,2025-04-22) | Banner (2,2025-04-22) | Divider (2,2024-07-30) | Hero CTA (1,2025-04-24) | Image (1,2024-10-08) | Image with Text (3,2025-12-15) | News Feed (1,2025-04-24) | Related Content (1,2024-10-08) | Text (8,2025-04-22)	Accordion (Minimal)|Banner|Image|Image with Text|News Feed|Related Content|Text
arts	1456542	link	https://arts.ucalgary.ca/political-science/about/equity-diversity-inclusion-and-accessibility	EDIA in Political Science	Basic page	Published	0.1	13	200	2	1	63	ARTS EDI	2	1|63	ARTS - 1|ARTS EDI	20	16	1	14	5	5	70	Accordion (Minimal)|Banner|Divider|Hero CTA|Image|Image with Text|News Feed|Related Content|Text	Accordion (Minimal) (2,2025-04-22) | Banner (2,2025-04-22) | Divider (2,2024-07-30) | Hero CTA (1,2025-04-24) | Image (1,2024-10-08) | Image with Text (3,2025-12-15) | News Feed (1,2025-04-24) | Related Content (1,2024-10-08) | Text (7,2025-04-22)	Accordion (Minimal)|Banner|Image|Image with Text|News Feed|Related Content|Text
arts	1456543	link	https://arts.ucalgary.ca/psychology/about/equity-diversity-and-inclusion	EDIA in Psychology	Basic page	Published	0.1	316	200	2	1	63	ARTS EDI	2	1|63	ARTS - 1|ARTS EDI	24	16	4	14	6	17	58	Accordion (Minimal)|Banner|Divider|Hero CTA|Image|Image with Text|News Feed|Related Content|Streaming Media|Text	Accordion (Minimal) (2,2025-04-22) | Banner (2,2025-04-22) | Divider (2,2024-07-30) | Hero CTA (1,2025-04-24) | Image (1,2024-10-08) | Image with Text (3,2025-12-15) | News Feed (1,2025-04-24) | Related Content (1,2024-10-08) | Streaming Media (3,2024-08-19) | Text (8,2025-04-22)	Accordion (Minimal)|Banner|Image|Image with Text|News Feed|Related Content|Text
arts	1456544	link	https://arts.ucalgary.ca/sociology/about/equity-diversity-inclusion-and-accessibility	EDIA in Sociology	Basic page	Published	0.1	86	200	2	1	63	ARTS EDI	2	1|63	ARTS - 1|ARTS EDI	20	16	1	14	5	5	70	Accordion (Minimal)|Banner|Divider|Hero CTA|Image|Image with Text|News Feed|Related Content|Text	Accordion (Minimal) (2,2025-04-22) | Banner (2,2025-04-22) | Divider (2,2024-07-30) | Hero CTA (1,2025-04-24) | Image (1,2024-10-08) | Image with Text (3,2025-12-15) | News Feed (1,2025-04-24) | Related Content (1,2024-10-08) | Text (7,2025-04-22)	Accordion (Minimal)|Banner|Image|Image with Text|News Feed|Related Content|Text
arts	1456611	link	https://arts.ucalgary.ca/node/1456611	Laura test - WS-783	Basic page	Unpublished	1.3		403	1	0			47	1|2|3|9|13|14|15|16|17|18|19|20|21|22|23|24|25|26|27|29|30|32|33|34|35|36|37|39|41|43|45|47|49|51|53|54|55|56|57|58|60|62|63|64|65|66|67	AGSC - 65|ALMC - 37|ANTH - 20|ART & ART HIST - 36|ARTS - 1|ARTS EDI|ASC - 14|ASHA - 16|CDWP - 23|CHIN - 39|CIH - 24|CLARE - 2|CMF - 21|CMSS - 25|Conference - ICCSLTE|COOP - 15|CRFA|ECON - 27|ENGL - 13|FREN - 41|FRENCH CENTRE - 54|GEOG - 3|Geospatial Information Technology|GERM - 43|HIST - 29|IIS - 30|INDL - 45|IT - 19|ITAL - 47|JPNS - 49|LARC - 32|LING - 22|LRC - 55|PHIL - 33|Philosophy for everyone|POLI - 9|PSYC - 34|Psychology Clinic|Psychology Equity(comma) Diversity and Inclusion|RDC - 17|Research - 18|RUSS - 51|SCPA - 26|SLLLC - 22|SOCI - 35|SPAN - 53|UTS	4	4	3	0	1	75	0	Accordion|Hero CTA|Image with Text|More Information	Accordion (1,2024-10-02) | Hero CTA (1,2024-10-02) | Image with Text (1,2024-10-02) | More Information (1,2024-10-02)	Accordion|Hero CTA|Image with Text|More Information
arts	1456631	link	https://arts.ucalgary.ca/node/1456631	Rock' test page do not publish	Basic page	Unpublished	0.5		403	1	0			47	1|2|3|9|13|14|15|16|17|18|19|20|21|22|23|24|25|26|27|29|30|32|33|34|35|36|37|39|41|43|45|47|49|51|53|54|55|56|57|58|60|62|63|64|65|66|67	AGSC - 65|ALMC - 37|ANTH - 20|ART & ART HIST - 36|ARTS - 1|ARTS EDI|ASC - 14|ASHA - 16|CDWP - 23|CHIN - 39|CIH - 24|CLARE - 2|CMF - 21|CMSS - 25|Conference - ICCSLTE|COOP - 15|CRFA|ECON - 27|ENGL - 13|FREN - 41|FRENCH CENTRE - 54|GEOG - 3|Geospatial Information Technology|GERM - 43|HIST - 29|IIS - 30|INDL - 45|IT - 19|ITAL - 47|JPNS - 49|LARC - 32|LING - 22|LRC - 55|PHIL - 33|Philosophy for everyone|POLI - 9|PSYC - 34|Psychology Clinic|Psychology Equity(comma) Diversity and Inclusion|RDC - 17|Research - 18|RUSS - 51|SCPA - 26|SLLLC - 22|SOCI - 35|SPAN - 53|UTS	13		12	0	1	92	0	Accordion|Banner|Divider|Hero CTA|Image with Text|Page Filter Tags|Streaming Media|Text|Text Grid	Accordion (2,2025-02-10) | Banner (2,2025-06-11) | Divider (1,2025-01-23) | Hero CTA (1,2024-10-30) | Image with Text (1,2025-01-23) | Page Filter Tags (1,2025-07-09) | Streaming Media (2,2025-06-11) | Text (2,2025-02-10) | Text Grid (1,2025-01-23)	
arts	1456632	link	https://arts.ucalgary.ca/node/1456632	SLLLC profile test page	Basic page	Unpublished	1.2		403	1	0			47	1|2|3|9|13|14|15|16|17|18|19|20|21|22|23|24|25|26|27|29|30|32|33|34|35|36|37|39|41|43|45|47|49|51|53|54|55|56|57|58|60|62|63|64|65|66|67	AGSC - 65|ALMC - 37|ANTH - 20|ART & ART HIST - 36|ARTS - 1|ARTS EDI|ASC - 14|ASHA - 16|CDWP - 23|CHIN - 39|CIH - 24|CLARE - 2|CMF - 21|CMSS - 25|Conference - ICCSLTE|COOP - 15|CRFA|ECON - 27|ENGL - 13|FREN - 41|FRENCH CENTRE - 54|GEOG - 3|Geospatial Information Technology|GERM - 43|HIST - 29|IIS - 30|INDL - 45|IT - 19|ITAL - 47|JPNS - 49|LARC - 32|LING - 22|LRC - 55|PHIL - 33|Philosophy for everyone|POLI - 9|PSYC - 34|Psychology Clinic|Psychology Equity(comma) Diversity and Inclusion|RDC - 17|Research - 18|RUSS - 51|SCPA - 26|SLLLC - 22|SOCI - 35|SPAN - 53|UTS	2		1	0	1	50	0	Hero CTA|Profile List	Hero CTA (1,2024-11-04) | Profile List (1,2024-11-04)	
arts	1456633	link	https://arts.ucalgary.ca/node/1456633	CMSS profile test page	Basic page	Unpublished	1.2		403	1	0			47	1|2|3|9|13|14|15|16|17|18|19|20|21|22|23|24|25|26|27|29|30|32|33|34|35|36|37|39|41|43|45|47|49|51|53|54|55|56|57|58|60|62|63|64|65|66|67	AGSC - 65|ALMC - 37|ANTH - 20|ART & ART HIST - 36|ARTS - 1|ARTS EDI|ASC - 14|ASHA - 16|CDWP - 23|CHIN - 39|CIH - 24|CLARE - 2|CMF - 21|CMSS - 25|Conference - ICCSLTE|COOP - 15|CRFA|ECON - 27|ENGL - 13|FREN - 41|FRENCH CENTRE - 54|GEOG - 3|Geospatial Information Technology|GERM - 43|HIST - 29|IIS - 30|INDL - 45|IT - 19|ITAL - 47|JPNS - 49|LARC - 32|LING - 22|LRC - 55|PHIL - 33|Philosophy for everyone|POLI - 9|PSYC - 34|Psychology Clinic|Psychology Equity(comma) Diversity and Inclusion|RDC - 17|Research - 18|RUSS - 51|SCPA - 26|SLLLC - 22|SOCI - 35|SPAN - 53|UTS	2		1	0	1	50	0	Hero CTA|Profile List	Hero CTA (1,2024-11-04) | Profile List (1,2024-11-04)	
arts	1456638	link	https://arts.ucalgary.ca/node/1456638	Draft SLLLC Future Students Language Placement Clone	Basic page	Unpublished	1.1		403	1	1	22	SLLLC - 22	46	1|2|3|9|13|14|15|16|17|18|19|20|21|22|23|24|25|26|27|29|30|32|33|34|35|36|37|39|41|43|45|47|49|51|53|54|55|56|57|58|60|62|63|64|65|66	AGSC - 65|ALMC - 37|ANTH - 20|ART & ART HIST - 36|ARTS - 1|ARTS EDI|ASC - 14|ASHA - 16|CDWP - 23|CHIN - 39|CIH - 24|CLARE - 2|CMF - 21|CMSS - 25|Conference - ICCSLTE|COOP - 15|CRFA|ECON - 27|ENGL - 13|FREN - 41|FRENCH CENTRE - 54|GEOG - 3|Geospatial Information Technology|GERM - 43|HIST - 29|IIS - 30|INDL - 45|IT - 19|ITAL - 47|JPNS - 49|LARC - 32|LING - 22|LRC - 55|PHIL - 33|Philosophy for everyone|POLI - 9|PSYC - 34|Psychology Clinic|Psychology Equity(comma) Diversity and Inclusion|RDC - 17|Research - 18|RUSS - 51|SCPA - 26|SLLLC - 22|SOCI - 35|SPAN - 53	22	2	5	16	1	23	73	Accordion|Banner|Divider|Hero CTA|Text	Accordion (8,2024-11-25) | Banner (1,2024-11-24) | Divider (2,2024-11-24) | Hero CTA (1,2024-11-13) | Text (10,2024-11-24)	Divider|Text
arts	1456646	link	https://arts.ucalgary.ca/node/1456646	test	Basic page	Unpublished	1.1		403	1	0			47	1|2|3|9|13|14|15|16|17|18|19|20|21|22|23|24|25|26|27|29|30|32|33|34|35|36|37|39|41|43|45|47|49|51|53|54|55|56|57|58|60|62|63|64|65|66|67	AGSC - 65|ALMC - 37|ANTH - 20|ART & ART HIST - 36|ARTS - 1|ARTS EDI|ASC - 14|ASHA - 16|CDWP - 23|CHIN - 39|CIH - 24|CLARE - 2|CMF - 21|CMSS - 25|Conference - ICCSLTE|COOP - 15|CRFA|ECON - 27|ENGL - 13|FREN - 41|FRENCH CENTRE - 54|GEOG - 3|Geospatial Information Technology|GERM - 43|HIST - 29|IIS - 30|INDL - 45|IT - 19|ITAL - 47|JPNS - 49|LARC - 32|LING - 22|LRC - 55|PHIL - 33|Philosophy for everyone|POLI - 9|PSYC - 34|Psychology Clinic|Psychology Equity(comma) Diversity and Inclusion|RDC - 17|Research - 18|RUSS - 51|SCPA - 26|SLLLC - 22|SOCI - 35|SPAN - 53|UTS	6		5	0	1	83	0	Accordion (Minimal)|Banner|Hero CTA|Image Gallery|More Information|Text Grid	Accordion (Minimal) (1,2024-11-22) | Banner (1,2024-11-22) | Hero CTA (1,2024-11-22) | Image Gallery (1,2024-11-22) | More Information (1,2024-11-22) | Text Grid (1,2024-11-22)	
arts	1456674	link	https://arts.ucalgary.ca/node/1456674	GEOG About Template	Basic page	Unpublished	0.6	4	403	1	1	3	GEOG - 3	2	1|3	ARTS - 1|GEOG - 3	22	1	18	3	1	82	14	Banner|Hero CTA|Image|Image with Text|More Information|Related Content|Text	Banner (7,2025-06-18) | Hero CTA (1,2025-06-16) | Image (2,2025-06-16) | Image with Text (1,2025-03-10) | More Information (3,2025-06-16) | Related Content (3,2025-06-06) | Text (5,2025-06-16)	Related Content
arts	1456684	link	https://arts.ucalgary.ca/node/1456684	[Archive] Arts award reusable blocks	Basic page	Unpublished	0.7		403	1	1	1	ARTS - 1	47	1|2|3|9|13|14|15|16|17|18|19|20|21|22|23|24|25|26|27|29|30|32|33|34|35|36|37|39|41|43|45|47|49|51|53|54|55|56|57|58|60|62|63|64|65|66|67	AGSC - 65|ALMC - 37|ANTH - 20|ART & ART HIST - 36|ARTS - 1|ARTS EDI|ASC - 14|ASHA - 16|CDWP - 23|CHIN - 39|CIH - 24|CLARE - 2|CMF - 21|CMSS - 25|Conference - ICCSLTE|COOP - 15|CRFA|ECON - 27|ENGL - 13|FREN - 41|FRENCH CENTRE - 54|GEOG - 3|Geospatial Information Technology|GERM - 43|HIST - 29|IIS - 30|INDL - 45|IT - 19|ITAL - 47|JPNS - 49|LARC - 32|LING - 22|LRC - 55|PHIL - 33|Philosophy for everyone|POLI - 9|PSYC - 34|Psychology Clinic|Psychology Equity(comma) Diversity and Inclusion|RDC - 17|Research - 18|RUSS - 51|SCPA - 26|SLLLC - 22|SOCI - 35|SPAN - 53|UTS	5	3	2	2	1	40	40	Banner|Checklist|Hero CTA|Text	Banner (2,2025-05-02) | Checklist (1,2025-05-02) | Hero CTA (1,2025-05-02) | Text (1,2025-05-02)	Banner|Checklist
arts	1456686	link	https://arts.ucalgary.ca/about/faculty-and-staff/faculty-and-staff-awards/recipients-2025	2025 Arts Award Recipients	Basic page	Published	0.6	970	200	3	1	1	ARTS - 1	47	1|2|3|9|13|14|15|16|17|18|19|20|21|22|23|24|25|26|27|29|30|32|33|34|35|36|37|39|41|43|45|47|49|51|53|54|55|56|57|58|60|62|63|64|65|66|67	AGSC - 65|ALMC - 37|ANTH - 20|ART & ART HIST - 36|ARTS - 1|ARTS EDI|ASC - 14|ASHA - 16|CDWP - 23|CHIN - 39|CIH - 24|CLARE - 2|CMF - 21|CMSS - 25|Conference - ICCSLTE|COOP - 15|CRFA|ECON - 27|ENGL - 13|FREN - 41|FRENCH CENTRE - 54|GEOG - 3|Geospatial Information Technology|GERM - 43|HIST - 29|IIS - 30|INDL - 45|IT - 19|ITAL - 47|JPNS - 49|LARC - 32|LING - 22|LRC - 55|PHIL - 33|Philosophy for everyone|POLI - 9|PSYC - 34|Psychology Clinic|Psychology Equity(comma) Diversity and Inclusion|RDC - 17|Research - 18|RUSS - 51|SCPA - 26|SLLLC - 22|SOCI - 35|SPAN - 53|UTS	18		12	5	1	67	28	Banner|Hero CTA|Masonry Gallery|Text|Trio CTA	Banner (8,2025-05-15) | Hero CTA (1,2025-05-08) | Masonry Gallery (1,2025-05-22) | Text (1,2025-05-14) | Trio CTA (7,2025-05-28)	
arts	1456689	link	https://arts.ucalgary.ca/centre-military-security-strategic-studies/events/power-series	Power Series	Basic page	Published	0.1	190	200	2	1	25	CMSS - 25	1	25	CMSS - 25	18	2	1	10	0	6	56	Accordion|Divider|Hero CTA|Image|More Information|Text|Trio CTA	Accordion (4,2025-12-02) | Divider (1,2025-05-21) | Hero CTA (1,2025-09-16) | Image (5,2025-11-18) | More Information (1,2025-12-02) | Text (5,2025-11-18) | Trio CTA (1,2025-06-09)	Divider|Trio CTA
arts	1456691	link	https://arts.ucalgary.ca/node/1456691	DRAFT Highlight: Addictive Behaviours Lab	Basic page	Unpublished	0.5		403	1	1	1	ARTS - 1	1	1	ARTS - 1	12		11	1	0	92	8	Banner|Hero CTA|Image|More Information|Text	Banner (1,2025-07-04) | Hero CTA (1,2025-07-14) | Image (1,2025-06-30) | More Information (1,2025-07-14) | Text (8,2025-07-14)	
arts	1456693	link	https://arts.ucalgary.ca/node/1456693	CIH Resident Fellows Clone	Basic page	Unpublished	0.5		403	1	1	24	CIH - 24	1	24	CIH - 24	25	2	5	20	0	20	80	Accordion (Minimal)|Banner|Divider|Hero CTA|Image|Text	Accordion (Minimal) (3,2025-07-07) | Banner (4,2025-07-07) | Divider (1,2025-07-07) | Hero CTA (1,2025-07-03) | Image (7,2025-07-07) | Text (9,2025-07-08)	Divider|Text
arts	1456696	link	https://arts.ucalgary.ca/node/1456696	DRAFT Highlight: Alberta Gambling Research Institute	Basic page	Unpublished	0.5		403	1	0			45	1|2|3|9|13|14|15|16|17|18|19|20|21|22|23|24|25|26|27|29|30|32|33|34|35|36|37|39|41|43|45|47|49|51|53|54|55|56|57|58|60|62|63|65|66	AGSC - 65|ALMC - 37|ANTH - 20|ART & ART HIST - 36|ARTS - 1|ARTS EDI|ASC - 14|ASHA - 16|CDWP - 23|CHIN - 39|CIH - 24|CLARE - 2|CMF - 21|CMSS - 25|COOP - 15|CRFA|ECON - 27|ENGL - 13|FREN - 41|FRENCH CENTRE - 54|GEOG - 3|Geospatial Information Technology|GERM - 43|HIST - 29|IIS - 30|INDL - 45|IT - 19|ITAL - 47|JPNS - 49|LARC - 32|LING - 22|LRC - 55|PHIL - 33|Philosophy for everyone|POLI - 9|PSYC - 34|Psychology Clinic|Psychology Equity(comma) Diversity and Inclusion|RDC - 17|Research - 18|RUSS - 51|SCPA - 26|SLLLC - 22|SOCI - 35|SPAN - 53	12		1	0	11	8	0	Banner|Hero CTA|Image|More Information|Text	Banner (1,2025-07-08) | Hero CTA (1,2025-07-14) | Image (1,2025-07-08) | More Information (1,2025-07-14) | Text (8,2025-07-14)	
arts	1456698	link	https://arts.ucalgary.ca/node/1456698	DRAFT Curated theme page: Addiction	Basic page	Unpublished	0.5		403	1	0			1	1	ARTS - 1	7		4	0	3	57	0	Banner|Hero CTA|News Feed|Text|Trio CTA	Banner (1,2025-07-16) | Hero CTA (1,2025-07-15) | News Feed (1,2025-07-16) | Text (3,2025-07-16) | Trio CTA (1,2025-07-15)	
arts	1456714	link	https://arts.ucalgary.ca/node/1456714	RPCR - Landing Page	Basic page	Unpublished	0.1		403	1	0						5		5	0	0	100	0	Hero CTA|Image with Text|More Information|Text|Text Grid	Hero CTA (1,2025-09-19) | Image with Text (1,2025-09-18) | More Information (1,2025-09-17) | Text (1,2025-12-08) | Text Grid (1,2025-09-19)	